event,county_fips5,avg_damage_pct_high,avg_damage_pct_low,avg_damage_pct_medium,max_surge_ft_high,max_surge_ft_low,max_surge_ft_medium,n_buildings_affected_high,n_buildings_affected_low,n_buildings_affected_medium,n_buildings_impacted_high,n_buildings_impacted_low,n_buildings_impacted_medium,pop_affected_high,pop_affected_low,pop_affected_medium,pop_impacted_high,pop_impacted_low,pop_impacted_medium,total_loss_usd_high,total_loss_usd_low,total_loss_usd_medium
BERYL_2024,22019,100.0,0.0,0.0,15.0,0.0,0.0,11.0,0.0,0.0,11.0,0.0,0.0,27.83,0.0,0.0,27.83,0.0,0.0,863817.0,0.0,0.0
BERYL_2024,48007,90.92620865139948,0.0,0.0,15.0,0.0,0.0,786.0,0.0,0.0,786.0,0.0,0.0,1988.5800000000008,0.0,0.0,1988.5800000000008,0.0,0.0,86308862.73499998,0.0,0.0
BERYL_2024,48039,89.63914743112434,85.1921921921922,18.479166666666668,15.0,7.0,3.0,5372.0,13986.0,72.0,5372.0,13751.0,72.0,13591.159999999954,35384.57999999972,182.16000000000005,13591.159999999954,34790.02999999973,182.16000000000005,903945831.28,2333419893.589999,2063871.585
BERYL_2024,48057,92.76433121019107,0.0,0.0,15.0,0.0,0.0,471.0,0.0,0.0,471.0,0.0,0.0,1191.63,0.0,0.0,1191.63,0.0,0.0,47250599.40499999,0.0,0.0
BERYL_2024,48061,89.05510752688173,0.0,18.5,15.0,0.0,2.0,372.0,0.0,1.0,372.0,0.0,1.0,941.16,0.0,2.53,941.16,0.0,2.53,57773332.9,0.0,16707.165
BERYL_2024,48071,80.4291151284491,8.023255813953488,18.5,15.0,2.0,2.0,1051.0,43.0,15.0,1051.0,43.0,15.0,2659.0300000000007,108.79000000000002,37.95,2659.0300000000007,108.79000000000002,37.95,181801681.64500004,787316.295,371730.6750000001
BERYL_2024,48167,85.07708468002586,70.6354303038655,18.36320754716981,15.0,7.0,3.0,3094.0,14513.0,106.0,3094.0,11242.0,106.0,7827.820000000003,36717.88999999971,268.18000000000006,7827.820000000003,28442.259999999795,268.18000000000006,613395530.5100001,1605777433.675,5093878.199999999
BERYL_2024,48199,74.3009281875916,0.0,0.0,15.0,0.0,0.0,2047.0,0.0,0.0,2047.0,0.0,0.0,5178.910000000002,0.0,0.0,5178.910000000002,0.0,0.0,328894055.61500007,0.0,0.0
BERYL_2024,48201,80.84944154877141,11.75,17.807692307692307,15.0,2.0,3.0,6715.0,102.0,52.0,6715.0,102.0,52.0,16988.949999999917,258.06000000000006,131.56000000000003,16988.949999999917,258.06000000000006,131.56000000000003,1434461103.175,3315613.185,2117603.2750000004
BERYL_2024,48239,68.35263157894737,0.0,0.0,15.0,0.0,0.0,95.0,0.0,0.0,95.0,0.0,0.0,240.35000000000005,0.0,0.0,240.35000000000005,0.0,0.0,12766809.460000005,0.0,0.0
BERYL_2024,48241,86.05396825396825,0.0,0.0,15.0,0.0,0.0,315.0,0.0,0.0,315.0,0.0,0.0,796.9499999999999,0.0,0.0,796.9499999999999,0.0,0.0,37386848.46500001,0.0,0.0
BERYL_2024,48245,92.81464530892448,62.18188148898455,18.1875,15.0,7.0,2.0,1311.0,31592.0,24.0,1311.0,21296.0,24.0,3316.83,79927.75999999979,60.72000000000001,3316.83,53878.879999999546,60.72000000000001,201541778.63999996,3265172139.3349986,581302.3899999999
BERYL_2024,48261,61.666666666666664,0.0,0.0,15.0,0.0,0.0,3.0,0.0,0.0,3.0,0.0,0.0,7.59,0.0,0.0,7.59,0.0,0.0,119729.45,0.0,0.0
BERYL_2024,48273,91.87755102040816,0.0,0.0,15.0,0.0,0.0,49.0,0.0,0.0,49.0,0.0,0.0,123.97000000000004,0.0,0.0,123.97000000000004,0.0,0.0,7728720.870000001,0.0,0.0
BERYL_2024,48291,92.32792770487744,0.0,0.0,15.0,0.0,0.0,4039.0,0.0,0.0,4039.0,0.0,0.0,10218.669999999993,0.0,0.0,10218.669999999993,0.0,0.0,423053964.4399998,0.0,0.0
BERYL_2024,48321,77.12114537444934,63.761475409836066,18.402173913043477,15.0,7.0,3.0,1135.0,610.0,322.0,1135.0,610.0,322.0,2871.5500000000015,1543.3000000000006,814.66,2871.5500000000015,1543.3000000000006,814.66,75555189.21500002,38346597.52,4782645.835
BERYL_2024,48351,91.88014311270123,0.0,0.0,15.0,0.0,0.0,559.0,0.0,0.0,559.0,0.0,0.0,1414.2699999999998,0.0,0.0,1414.2699999999998,0.0,0.0,49734262.17500001,0.0,0.0
BERYL_2024,48355,90.93838028169014,0.0,0.0,15.0,0.0,0.0,284.0,0.0,0.0,284.0,0.0,0.0,718.5199999999999,0.0,0.0,718.5199999999999,0.0,0.0,53401226.745000005,0.0,0.0
BERYL_2024,48361,91.613074204947,7.363636363636363,0.0,15.0,1.0,0.0,4245.0,11.0,0.0,4245.0,11.0,0.0,10739.849999999988,27.83,0.0,10739.849999999988,27.83,0.0,614935851.7950001,154491.56499999997,0.0
BERYL_2024,48391,74.85,0.0,0.0,15.0,0.0,0.0,50.0,0.0,0.0,50.0,0.0,0.0,126.50000000000004,0.0,0.0,126.50000000000004,0.0,0.0,6855467.955,0.0,0.0
BERYL_2024,48409,90.5576923076923,0.0,0.0,15.0,0.0,0.0,156.0,0.0,0.0,156.0,0.0,0.0,394.67999999999984,0.0,0.0,394.67999999999984,0.0,0.0,21268226.325000003,0.0,0.0
BERYL_2024,48469,89.67021276595744,0.0,0.0,15.0,0.0,0.0,47.0,0.0,0.0,47.0,0.0,0.0,118.91000000000004,0.0,0.0,118.91000000000004,0.0,0.0,5414701.47,0.0,0.0
BERYL_2024,48489,75.64285714285714,0.0,0.0,15.0,0.0,0.0,7.0,0.0,0.0,7.0,0.0,0.0,17.709999999999997,0.0,0.0,17.709999999999997,0.0,0.0,725482.735,0.0,0.0
DEBBY_2024,12019,86.12439024390244,0.0,0.0,15.0,0.0,0.0,1435.0,0.0,0.0,1435.0,0.0,0.0,3630.5500000000006,0.0,0.0,3630.5500000000006,0.0,0.0,228968238.085,0.0,0.0
DEBBY_2024,12031,82.88423464711273,10.0,18.5,15.0,1.0,1.0,5455.0,3.0,1.0,5455.0,3.0,1.0,13801.149999999956,7.59,2.53,13801.149999999956,7.59,2.53,1088359779.09,91816.48,176642.30000000002
DEBBY_2024,12035,87.90487421383648,7.125,18.5,15.0,1.0,1.0,636.0,4.0,1.0,636.0,4.0,1.0,1609.0800000000006,10.12,2.53,1609.0800000000006,10.12,2.53,117074308.97500002,50159.145,20817.495
DEBBY_2024,12069,75.0,8.142857142857142,18.5,1.0,1.0,1.0,17.0,7.0,4.0,17.0,7.0,4.0,43.010000000000005,17.709999999999997,10.12,43.010000000000005,17.709999999999997,10.12,672674.25,84660.56,96015.37
DEBBY_2024,12089,85.66800458715596,5.75,18.5,15.0,1.0,1.0,872.0,2.0,1.0,872.0,2.0,1.0,2206.16,5.06,2.53,2206.16,5.06,2.53,123046124.2,21267.4,41542.12
DEBBY_2024,12107,85.69610778443113,2.5,0.0,15.0,1.0,0.0,668.0,1.0,0.0,668.0,1.0,0.0,1690.0400000000004,2.53,0.0,1690.0400000000004,2.53,0.0,66089247.34,10465.825,0.0
DEBBY_2024,12109,81.70013586956522,10.0,18.25,15.0,2.0,2.0,3680.0,4.0,4.0,3680.0,4.0,4.0,9310.4,10.12,10.12,9310.4,10.12,10.12,827813724.7599999,232599.5,619185.73
DEBBY_2024,12127,85.30430327868852,11.833333333333334,16.863636363636363,15.0,1.0,1.0,976.0,6.0,11.0,976.0,6.0,11.0,2469.28,15.179999999999998,27.83,2469.28,15.179999999999998,27.83,201788645.68999997,76541.41,202450.24
DEBBY_2024,13025,87.71513944223108,0.0,0.0,15.0,0.0,0.0,502.0,0.0,0.0,502.0,0.0,0.0,1270.0600000000004,0.0,0.0,1270.0600000000004,0.0,0.0,58470389.49499999,0.0,0.0
DEBBY_2024,13029,79.22006141248721,0.0,0.0,15.0,0.0,0.0,977.0,0.0,0.0,977.0,0.0,0.0,2471.8100000000013,0.0,0.0,2471.8100000000013,0.0,0.0,178138192.19,0.0,0.0
DEBBY_2024,13039,84.43590582079791,0.0,0.0,15.0,0.0,0.0,1529.0,0.0,0.0,1529.0,0.0,0.0,3868.370000000001,0.0,0.0,3868.370000000001,0.0,0.0,289717859.80999994,0.0,0.0
DEBBY_2024,13049,89.45263157894736,0.0,0.0,15.0,0.0,0.0,95.0,0.0,0.0,95.0,0.0,0.0,240.35000000000008,0.0,0.0,240.35000000000008,0.0,0.0,11398558.635000002,0.0,0.0
DEBBY_2024,13051,78.82383040935673,6.9,18.5,15.0,2.0,1.0,3420.0,5.0,2.0,3420.0,5.0,2.0,8652.600000000002,12.65,5.06,8652.600000000002,12.65,5.06,739226764.86,139972.04499999998,164511.25
DEBBY_2024,13103,83.07466063348416,0.0,0.0,15.0,0.0,0.0,1326.0,0.0,0.0,1326.0,0.0,0.0,3354.7800000000007,0.0,0.0,3354.7800000000007,0.0,0.0,213525819.92999992,0.0,0.0
DEBBY_2024,13127,83.33285052143685,6.25,0.0,15.0,2.0,0.0,1726.0,2.0,0.0,1726.0,2.0,0.0,4366.780000000002,5.06,0.0,4366.780000000002,5.06,0.0,262861038.575,25144.095,0.0
DEBBY_2024,13179,81.65987933634993,7.0,18.5,15.0,2.0,1.0,1989.0,3.0,1.0,1989.0,3.0,1.0,5032.170000000003,7.59,2.53,5032.170000000003,7.59,2.53,486569498.9550001,51160.105,20417.34
DEBBY_2024,13183,87.25778546712803,0.0,0.0,15.0,0.0,0.0,289.0,0.0,0.0,289.0,0.0,0.0,731.1699999999998,0.0,0.0,731.1699999999998,0.0,0.0,42474376.89,0.0,0.0
DEBBY_2024,13191,84.95951704545455,0.0,0.0,15.0,0.0,0.0,704.0,0.0,0.0,704.0,0.0,0.0,1781.1200000000003,0.0,0.0,1781.1200000000003,0.0,0.0,115366889.745,0.0,0.0
DEBBY_2024,13305,86.56258992805755,0.0,0.0,15.0,0.0,0.0,695.0,0.0,0.0,695.0,0.0,0.0,1758.35,0.0,0.0,1758.35,0.0,0.0,79265671.105,0.0,0.0
DEBBY_2024,37013,80.50025176233635,9.15664845173042,18.415869980879545,15.0,3.0,3.0,1986.0,549.0,523.0,1986.0,549.0,523.0,5024.580000000001,1388.9699999999998,1323.1900000000005,5024.580000000001,1388.9699999999998,1323.1900000000005,197683232.895,9095580.66,16145946.950000005
DEBBY_2024,37015,85.45227272727273,0.0,0.0,15.0,0.0,0.0,440.0,0.0,0.0,440.0,0.0,0.0,1113.2,0.0,0.0,1113.2,0.0,0.0,45500081.04,0.0,0.0
DEBBY_2024,37017,77.43076923076923,0.0,0.0,15.0,0.0,0.0,130.0,0.0,0.0,130.0,0.0,0.0,328.89999999999986,0.0,0.0,328.89999999999986,0.0,0.0,13564835.334999995,0.0,0.0
DEBBY_2024,37019,79.93157543391189,8.358108108108109,18.022727272727273,15.0,3.0,2.0,2996.0,74.0,44.0,2996.0,74.0,44.0,7579.880000000002,187.22000000000008,111.32000000000002,7579.880000000002,187.22000000000008,111.32000000000002,416203233.4250001,1542721.35,1626361.6049999995
DEBBY_2024,37029,90.64385474860336,6.75531914893617,18.5,15.0,2.0,2.0,358.0,47.0,3.0,358.0,47.0,3.0,905.74,118.91000000000004,7.59,905.74,118.91000000000004,7.59,47118776.650000006,613481.3700000001,117930.655
DEBBY_2024,37031,82.52005012531329,7.900311526479751,18.25824175824176,15.0,2.0,2.0,1596.0,321.0,91.0,1596.0,321.0,91.0,4037.880000000001,812.1299999999998,230.23000000000005,4037.880000000001,812.1299999999998,230.23000000000005,185696415.005,4680040.600000001,3003921.3449999993
DEBBY_2024,37041,89.20388349514563,10.285714285714286,18.5,15.0,1.0,1.0,412.0,7.0,7.0,412.0,7.0,7.0,1042.36,17.709999999999997,17.709999999999997,1042.36,17.709999999999997,17.709999999999997,45292770.56000001,113169.19,175897.815
DEBBY_2024,37047,87.22932917316693,0.0,0.0,15.0,0.0,0.0,641.0,0.0,0.0,641.0,0.0,0.0,1621.73,0.0,0.0,1621.73,0.0,0.0,68511486.815,0.0,0.0
DEBBY_2024,37049,89.6262048192771,7.725075528700907,18.16304347826087,15.0,2.0,2.0,1660.0,331.0,138.0,1660.0,331.0,138.0,4199.800000000003,837.4300000000002,349.1399999999999,4199.800000000003,837.4300000000002,349.1399999999999,196550137.165,4003699.53,4333319.385
DEBBY_2024,37053,82.36779324055667,6.666666666666667,0.0,15.0,1.0,0.0,1006.0,9.0,0.0,1006.0,9.0,0.0,2545.1800000000003,22.77,0.0,2545.1800000000003,22.77,0.0,154501232.9,123480.385,0.0
DEBBY_2024,37055,74.94211458948612,7.282051282051282,18.442307692307693,15.0,1.0,2.0,1693.0,78.0,52.0,1693.0,78.0,52.0,4283.290000000001,197.34000000000003,131.56000000000003,4283.290000000001,197.34000000000003,131.56000000000003,232133732.13999996,1011500.885,1395701.1900000002
DEBBY_2024,37073,86.43509615384616,9.5,18.5,15.0,1.0,1.0,208.0,2.0,3.0,208.0,2.0,3.0,526.2399999999998,5.06,7.59,526.2399999999998,5.06,7.59,20420190.06000001,49358.925,114327.965
DEBBY_2024,37079,86.65825688073394,0.0,0.0,15.0,0.0,0.0,218.0,0.0,0.0,218.0,0.0,0.0,551.5399999999998,0.0,0.0,551.5399999999998,0.0,0.0,27536627.775,0.0,0.0
DEBBY_2024,37091,83.03504672897196,10.235294117647058,17.9,15.0,2.0,1.0,214.0,17.0,5.0,214.0,17.0,5.0,541.42,43.010000000000005,12.65,541.42,43.010000000000005,12.65,25284024.49,270861.35500000004,176174.02
DEBBY_2024,37095,87.9575799721836,8.304709141274238,18.21946564885496,15.0,2.0,2.0,719.0,361.0,262.0,719.0,361.0,262.0,1819.0700000000004,913.33,662.8599999999999,1819.0700000000004,913.33,662.8599999999999,60371446.66499999,4233767.0,6093618.840000001
DEBBY_2024,37103,87.89851485148515,0.0,0.0,15.0,0.0,0.0,202.0,0.0,0.0,202.0,0.0,0.0,511.05999999999983,0.0,0.0,511.05999999999983,0.0,0.0,21144158.944999997,0.0,0.0
DEBBY_2024,37107,85.21353065539112,0.0,0.0,15.0,0.0,0.0,473.0,0.0,0.0,473.0,0.0,0.0,1196.69,0.0,0.0,1196.69,0.0,0.0,55254283.61,0.0,0.0
DEBBY_2024,37117,81.8292469352014,11.5,0.0,15.0,1.0,0.0,1142.0,1.0,0.0,1142.0,1.0,0.0,2889.2600000000007,2.53,0.0,2889.2600000000007,2.53,0.0,135223195.94,22411.2,0.0
DEBBY_2024,37129,62.509445843828715,12.935672514619885,17.77848101265823,15.0,3.0,3.0,1588.0,171.0,79.0,1588.0,171.0,79.0,4017.6400000000017,432.6299999999998,199.8700000000001,4017.6400000000017,432.6299999999998,199.8700000000001,258312486.54999995,7290860.29,4609076.295
DEBBY_2024,37131,90.6639344262295,0.0,0.0,15.0,0.0,0.0,122.0,0.0,0.0,122.0,0.0,0.0,308.65999999999997,0.0,0.0,308.65999999999997,0.0,0.0,9791783.840000002,0.0,0.0
DEBBY_2024,37133,80.40329482242191,10.910204081632653,18.306451612903224,15.0,2.0,2.0,2337.0,245.0,124.0,2337.0,245.0,124.0,5912.610000000001,619.8499999999999,313.71999999999997,5912.610000000001,619.8499999999999,313.71999999999997,286206788.245,5854180.760000001,4466870.33
DEBBY_2024,37137,88.21675191815856,7.8530805687203795,18.305555555555557,15.0,2.0,2.0,782.0,211.0,54.0,782.0,211.0,54.0,1978.4600000000007,533.8299999999999,136.62000000000003,1978.4600000000007,533.8299999999999,136.62000000000003,83448767.72,2760829.9150000005,1514638.21
DEBBY_2024,37139,83.35699373695198,7.662650602409639,18.467741935483872,15.0,2.0,2.0,479.0,166.0,31.0,479.0,166.0,31.0,1211.87,419.9799999999999,78.43,1211.87,419.9799999999999,78.43,63069232.27,2210048.1400000006,848111.9149999999
DEBBY_2024,37141,85.70127118644068,9.166666666666666,18.071428571428573,15.0,1.0,2.0,1888.0,21.0,21.0,1888.0,21.0,21.0,4776.640000000001,53.13000000000001,53.13,4776.640000000001,53.13000000000001,53.13,225682230.46,378419.25000000006,652784.235
DEBBY_2024,37143,88.09292035398231,7.333333333333333,17.0,15.0,2.0,2.0,678.0,15.0,1.0,678.0,15.0,1.0,1715.34,37.95,2.53,1715.34,37.95,2.53,92934947.225,225966.905,17914.260000000002
DEBBY_2024,37147,81.5976119402985,12.0,18.25,15.0,2.0,2.0,1675.0,6.0,6.0,1675.0,6.0,6.0,4237.750000000002,15.179999999999998,15.18,4237.750000000002,15.179999999999998,15.18,235864923.73999992,88242.59,150837.825
DEBBY_2024,37177,84.3621052631579,7.336065573770492,18.42105263157895,15.0,2.0,2.0,475.0,61.0,19.0,475.0,61.0,19.0,1201.75,154.33000000000004,48.07000000000001,1201.75,154.33000000000004,48.07000000000001,45901645.15500001,643376.0750000002,409972.025
DEBBY_2024,37187,91.50689655172414,0.0,17.0,15.0,0.0,2.0,435.0,0.0,1.0,435.0,0.0,1.0,1100.55,0.0,2.53,1100.55,0.0,2.53,84476188.865,0.0,17398.48
DEBBY_2024,45009,43.5,0.0,0.0,15.0,0.0,0.0,1.0,0.0,0.0,1.0,0.0,0.0,2.53,0.0,0.0,2.53,0.0,0.0,80123.085,0.0,0.0
DEBBY_2024,45013,79.42341438957132,9.943661971830986,18.5,15.0,2.0,2.0,3989.0,71.0,55.0,3989.0,71.0,55.0,10092.169999999993,179.63000000000005,139.15000000000003,10092.169999999993,179.63000000000005,139.15000000000003,829332412.3500003,2016583.36,2658916.335
DEBBY_2024,45015,79.21011154219205,9.447368421052632,18.529411764705884,15.0,2.0,2.0,4124.0,57.0,17.0,4124.0,57.0,17.0,10433.71999999999,144.21,43.01000000000001,10433.71999999999,144.21,43.01000000000001,677661636.785,1866479.585,1042342.805
DEBBY_2024,45019,74.55588398300388,11.841429880843265,18.338872832369944,15.0,2.0,3.0,5413.0,1091.0,692.0,5413.0,1091.0,692.0,13694.889999999958,2760.2300000000005,1750.7600000000004,13694.889999999958,2760.2300000000005,1750.7600000000004,1156926711.22,45928569.15500001,41984593.655
DEBBY_2024,45027,100.0,0.0,0.0,15.0,0.0,0.0,1.0,0.0,0.0,1.0,0.0,0.0,2.53,0.0,0.0,2.53,0.0,0.0,76319.0,0.0,0.0
DEBBY_2024,45029,83.99670277908619,8.41891891891892,18.25,15.0,2.0,2.0,2123.0,37.0,30.0,2123.0,37.0,30.0,5371.1900000000005,93.61000000000004,75.90000000000002,5371.1900000000005,93.61000000000004,75.90000000000002,267636695.18500003,811978.615,1423635.245
DEBBY_2024,45035,78.22502744237102,0.0,0.0,15.0,0.0,0.0,2733.0,0.0,0.0,2733.0,0.0,0.0,6914.490000000002,0.0,0.0,6914.490000000002,0.0,0.0,470420326.2100001,0.0,0.0
DEBBY_2024,45043,76.78332371609925,8.574946466809422,18.276315789473685,15.0,3.0,3.0,1733.0,467.0,266.0,1733.0,467.0,266.0,4384.490000000002,1181.5100000000002,672.9799999999998,4384.490000000002,1181.5100000000002,672.9799999999998,272919895.15999997,13178707.399999997,14329910.39
DEBBY_2024,45049,86.29585798816568,0.0,0.0,15.0,0.0,0.0,507.0,0.0,0.0,507.0,0.0,0.0,1282.7100000000005,0.0,0.0,1282.7100000000005,0.0,0.0,66200219.10499999,0.0,0.0
DEBBY_2024,45051,83.13207867073584,9.663398692810455,18.365079365079364,15.0,3.0,3.0,5898.0,306.0,315.0,5898.0,306.0,315.0,14921.939999999942,774.1800000000001,796.95,14921.939999999942,774.1800000000001,796.95,765733501.4050001,6202679.814999998,13691536.490000002
DEBBY_2024,45053,82.8869760479042,0.0,0.0,15.0,0.0,0.0,668.0,0.0,0.0,668.0,0.0,0.0,1690.0400000000002,0.0,0.0,1690.0400000000002,0.0,0.0,64592761.77000001,0.0,0.0
DEBBY_2024,45067,77.87809917355372,0.0,0.0,15.0,0.0,0.0,242.0,0.0,0.0,242.0,0.0,0.0,612.2599999999999,0.0,0.0,612.2599999999999,0.0,0.0,29009672.249999996,0.0,0.0
DEBBY_2024,45089,83.52826475849731,0.0,0.0,15.0,0.0,0.0,2795.0,0.0,0.0,2795.0,0.0,0.0,7071.350000000003,0.0,0.0,7071.350000000003,0.0,0.0,269003833.4650001,0.0,0.0
DEBBY_2024,51093,100.0,0.0,0.0,15.0,0.0,0.0,2.0,0.0,0.0,2.0,0.0,0.0,5.06,0.0,0.0,5.06,0.0,0.0,287334.0,0.0,0.0
DEBBY_2024,51175,84.35915492957747,0.0,0.0,15.0,0.0,0.0,142.0,0.0,0.0,142.0,0.0,0.0,359.25999999999993,0.0,0.0,359.25999999999993,0.0,0.0,16585365.765000002,0.0,0.0
DEBBY_2024,51550,73.55351681957187,0.0,0.0,15.0,0.0,0.0,327.0,0.0,0.0,327.0,0.0,0.0,827.3099999999997,0.0,0.0,827.3099999999997,0.0,0.0,74859756.36999997,0.0,0.0
DEBBY_2024,51620,91.6,0.0,0.0,15.0,0.0,0.0,5.0,0.0,0.0,5.0,0.0,0.0,12.65,0.0,0.0,12.65,0.0,0.0,449743.06,0.0,0.0
DEBBY_2024,51800,85.03703703703704,0.0,0.0,15.0,0.0,0.0,54.0,0.0,0.0,54.0,0.0,0.0,136.62000000000003,0.0,0.0,136.62000000000003,0.0,0.0,9449605.055,0.0,0.0
DEBBY_2024,51810,97.55555555555556,0.0,0.0,15.0,0.0,0.0,45.0,0.0,0.0,45.0,0.0,0.0,113.85000000000004,0.0,0.0,113.85000000000004,0.0,0.0,2398544.8000000003,0.0,0.0
FLORENCE_2018,37013,69.99054545454545,9.698539176626824,18.388741721854306,15.0,4.0,3.0,1375.0,753.0,755.0,1375.0,753.0,755.0,3478.75,1905.0900000000004,1910.15,3478.75,1905.0900000000004,1910.15,85531688.545,12417080.745,21612745.875000004
FLORENCE_2018,37015,91.66666666666669,8.5,17.0,15.0,2.0,2.0,3.0,2.0,1.0,3.0,2.0,1.0,7.59,5.06,2.53,7.59,5.06,2.53,386544.75,10519.97,16401.43
FLORENCE_2018,37019,66.8039033457249,7.647887323943662,18.419354838709676,15.0,2.0,3.0,538.0,71.0,31.0,538.0,71.0,31.0,1361.14,179.63000000000005,78.43000000000002,1361.14,179.63000000000005,78.43000000000002,70063805.345,1313574.1900000004,1171520.495
FLORENCE_2018,37029,74.79166666666667,7.269230769230769,0.0,15.0,1.0,0.0,12.0,13.0,0.0,12.0,13.0,0.0,30.36,32.89,0.0,30.36,32.89,0.0,731900.375,169948.875,0.0
FLORENCE_2018,37031,79.16379310344827,7.704891740176423,18.41844660194175,15.0,4.0,3.0,1160.0,1247.0,515.0,1160.0,1247.0,515.0,2934.8,3154.91,1302.95,2934.8,3154.91,1302.95,107819392.915,16907255.830000002,16911697.819999993
FLORENCE_2018,37041,62.294117647058826,10.9,18.416666666666668,15.0,1.0,2.0,17.0,5.0,18.0,17.0,5.0,18.0,43.010000000000005,12.65,45.540000000000006,43.010000000000005,12.65,45.540000000000006,1088088.495,99081.665,453396.35
FLORENCE_2018,37049,60.2701062215478,8.01063829787234,18.42810722989439,15.0,4.0,3.0,659.0,846.0,1231.0,659.0,846.0,1231.0,1667.2700000000002,2140.380000000001,3114.430000000001,1667.2700000000002,2140.380000000001,3114.430000000001,35654266.00500001,12951966.834999995,37931122.81999999
FLORENCE_2018,37053,72.3936170212766,6.12962962962963,18.5,15.0,1.0,1.0,141.0,27.0,1.0,141.0,27.0,1.0,356.72999999999996,68.31,2.53,356.72999999999996,68.31,2.53,20245974.535000004,279788.8000000001,29483.82
FLORENCE_2018,37055,72.46901172529313,7.024193548387097,18.282608695652176,15.0,2.0,2.0,597.0,124.0,69.0,597.0,124.0,69.0,1510.4100000000003,313.71999999999997,174.57000000000005,1510.4100000000003,313.71999999999997,174.57000000000005,71716284.03999999,1652149.64,2230054.1449999996
FLORENCE_2018,37073,100.0,7.833333333333333,18.5,15.0,1.0,1.0,1.0,3.0,4.0,1.0,3.0,4.0,2.53,7.59,10.12,2.53,7.59,10.12,173892.0,32543.485,124967.5
FLORENCE_2018,37091,75.0,10.0,18.125,1.0,1.0,2.0,7.0,22.0,8.0,7.0,22.0,8.0,17.709999999999997,55.66,20.24,17.709999999999997,55.66,20.24,291281.25,324569.115,274721.115
FLORENCE_2018,37095,86.83668341708542,8.263414634146342,18.219059405940595,15.0,2.0,2.0,597.0,410.0,404.0,597.0,410.0,404.0,1510.41,1037.3000000000002,1022.12,1510.41,1037.3000000000002,1022.12,46113617.40999999,4904718.085000001,9516610.469999995
FLORENCE_2018,37103,48.214285714285715,9.3,19.7,3.0,2.0,3.0,7.0,5.0,5.0,7.0,5.0,5.0,17.71,12.65,12.65,17.71,12.65,12.65,491773.375,108099.01,175789.385
FLORENCE_2018,37117,37.5,8.583333333333334,18.176470588235293,2.0,2.0,2.0,10.0,18.0,17.0,10.0,18.0,17.0,25.299999999999997,45.540000000000006,43.010000000000005,25.299999999999997,45.540000000000006,43.010000000000005,402944.25,224354.19,451659.31499999994
FLORENCE_2018,37129,64.22300469483568,12.32716049382716,17.953333333333333,15.0,3.0,3.0,213.0,162.0,75.0,213.0,162.0,75.0,538.8899999999999,409.8599999999999,189.75000000000009,538.8899999999999,409.8599999999999,189.75000000000009,46418888.43500001,7041207.080000002,6291456.199999999
FLORENCE_2018,37133,71.94117647058823,10.550179211469532,18.473756906077348,15.0,3.0,3.0,425.0,279.0,362.0,425.0,279.0,362.0,1075.2500000000002,705.87,915.8599999999998,1075.2500000000002,705.87,915.8599999999998,34367453.52,6561982.2250000015,13554687.56
FLORENCE_2018,37137,83.23350694444444,8.236137667304016,18.282651072124757,15.0,4.0,3.0,576.0,523.0,513.0,576.0,522.0,513.0,1457.28,1323.1900000000005,1297.89,1457.28,1320.66,1297.89,34165344.535000004,7405092.86,14479780.905000005
FLORENCE_2018,37139,87.3695652173913,6.844444444444444,18.0,15.0,2.0,2.0,23.0,45.0,3.0,23.0,45.0,3.0,58.19000000000001,113.85000000000002,7.59,58.19000000000001,113.85000000000002,7.59,1844570.285,539045.5499999999,94054.96
FLORENCE_2018,37141,77.45015105740181,8.872727272727273,18.276785714285715,15.0,2.0,3.0,331.0,55.0,56.0,331.0,55.0,56.0,837.4300000000001,139.15000000000003,141.68000000000004,837.4300000000001,139.15000000000003,141.68000000000004,36535319.45500001,916952.02,1637810.1800000002
FLORENCE_2018,37143,90.48529411764706,6.264705882352941,18.0,15.0,2.0,2.0,34.0,17.0,3.0,34.0,17.0,3.0,86.02000000000001,43.010000000000005,7.59,86.02000000000001,43.010000000000005,7.59,4913287.404999999,191115.64,111678.84
FLORENCE_2018,37147,76.35135135135135,17.142857142857142,18.61764705882353,3.0,4.0,3.0,37.0,14.0,17.0,37.0,14.0,17.0,93.61000000000004,35.42,43.01000000000001,93.61000000000004,35.42,43.01000000000001,1848633.25,258622.54,525124.1900000001
FLORENCE_2018,37177,76.675,7.62007874015748,18.25,15.0,2.0,2.0,160.0,254.0,96.0,160.0,254.0,96.0,404.7999999999999,642.6199999999998,242.88000000000005,404.7999999999999,642.6199999999998,242.88000000000005,7495047.61,3068651.080000001,2279418.6750000003
FLORENCE_2018,37187,75.0,7.277777777777778,18.1,1.0,1.0,2.0,2.0,18.0,15.0,2.0,18.0,15.0,5.06,45.540000000000006,37.95,5.06,45.540000000000006,37.95,56296.5,157111.85,296602.47500000003
FLORENCE_2018,45013,77.14146620847652,0.0,17.75,15.0,0.0,2.0,873.0,0.0,2.0,873.0,0.0,2.0,2208.6900000000005,0.0,5.06,2208.6900000000005,0.0,5.06,192941916.11,0.0,150961.2
FLORENCE_2018,45015,68.46511627906976,9.705882352941176,18.26923076923077,15.0,2.0,2.0,43.0,17.0,13.0,43.0,17.0,13.0,108.79000000000002,43.010000000000005,32.89,108.79000000000002,43.010000000000005,32.89,8851226.149999999,464038.00500000006,481821.875
FLORENCE_2018,45019,69.73411534701857,12.839622641509434,18.456521739130434,15.0,1.0,2.0,1023.0,53.0,23.0,1023.0,53.0,23.0,2588.1900000000005,134.09000000000003,58.19000000000001,2588.1900000000005,134.09000000000003,58.19000000000001,238752536.22500005,2540151.77,1202295.77
FLORENCE_2018,45029,77.7433628318584,9.03658536585366,18.375,15.0,2.0,2.0,113.0,41.0,20.0,113.0,41.0,20.0,285.89,103.73000000000005,50.60000000000001,285.89,103.73000000000005,50.60000000000001,21925873.805,871156.6400000002,696664.61
FLORENCE_2018,45035,68.69736842105263,0.0,0.0,15.0,0.0,0.0,38.0,0.0,0.0,38.0,0.0,0.0,96.14,0.0,0.0,96.14,0.0,0.0,7497060.97,0.0,0.0
FLORENCE_2018,45043,62.80040322580645,7.903614457831325,18.3125,15.0,2.0,2.0,248.0,83.0,40.0,248.0,83.0,40.0,627.4399999999999,209.99000000000004,101.20000000000002,627.4399999999999,209.99000000000004,101.20000000000002,45889396.99,2343255.0500000003,2023588.4599999995
FLORENCE_2018,45051,69.13315217391305,9.545801526717558,18.34027777777778,15.0,3.0,3.0,184.0,131.0,144.0,184.0,131.0,144.0,465.5199999999998,331.43000000000006,364.3199999999999,465.5199999999998,331.43000000000006,364.3199999999999,23292922.045,2953381.8550000004,6436475.664999999
FLORENCE_2018,45053,79.71666666666667,0.0,18.5,15.0,0.0,1.0,30.0,0.0,1.0,30.0,0.0,1.0,75.9,0.0,2.53,75.9,0.0,2.53,3305684.675,0.0,18365.505
FLORENCE_2018,45089,100.0,0.0,0.0,15.0,0.0,0.0,1.0,0.0,0.0,1.0,0.0,0.0,2.53,0.0,0.0,2.53,0.0,0.0,98994.0,0.0,0.0
FLORENCE_2018,51001,79.52413793103449,7.317073170731708,18.5,15.0,1.0,1.0,435.0,41.0,26.0,435.0,41.0,26.0,1100.55,103.73000000000002,65.78000000000002,1100.55,103.73000000000002,65.78000000000002,67415506.91,568047.6349999999,599166.1600000001
FLORENCE_2018,51033,65.0,0.0,0.0,15.0,0.0,0.0,1.0,0.0,0.0,1.0,0.0,0.0,2.53,0.0,0.0,2.53,0.0,0.0,217794.2,0.0,0.0
FLORENCE_2018,51036,63.625,10.166666666666666,18.5,15.0,2.0,1.0,4.0,3.0,1.0,4.0,3.0,1.0,10.12,7.59,2.53,10.12,7.59,2.53,881065.405,74042.695,57778.46
FLORENCE_2018,51041,0.0,11.125,18.5,0.0,2.0,2.0,0.0,4.0,2.0,0.0,4.0,2.0,0.0,10.12,5.06,0.0,10.12,5.06,0.0,125458.615,80782.84
FLORENCE_2018,51057,75.6830985915493,8.428571428571429,18.5,15.0,2.0,2.0,71.0,7.0,1.0,71.0,7.0,1.0,179.63000000000005,17.709999999999997,2.53,179.63000000000005,17.709999999999997,2.53,12521542.470000004,124214.21,20405.13
FLORENCE_2018,51059,80.16666666666667,11.5,17.0,15.0,2.0,2.0,6.0,1.0,2.0,6.0,1.0,2.0,15.18,2.53,5.06,15.18,2.53,5.06,1232165.19,53599.2,99148.76
FLORENCE_2018,51073,80.20496894409938,8.3046875,18.333333333333332,15.0,2.0,2.0,161.0,64.0,18.0,161.0,64.0,18.0,407.33,161.92000000000004,45.540000000000006,407.33,161.92000000000004,45.540000000000006,31732443.425,1499655.2299999995,727830.3249999998
FLORENCE_2018,51093,66.0,12.0,17.75,15.0,1.0,2.0,102.0,2.0,2.0,102.0,2.0,2.0,258.06000000000006,5.06,5.06,258.06000000000006,5.06,5.06,15640052.144999998,55253.84000000001,65133.3
FLORENCE_2018,51095,64.06666666666666,7.611111111111111,18.5,15.0,2.0,2.0,15.0,9.0,2.0,15.0,9.0,2.0,37.95,22.769999999999996,5.06,37.95,22.769999999999996,5.06,3650072.525,206660.03499999997,74382.20999999999
FLORENCE_2018,51097,82.36363636363636,11.5,0.0,15.0,1.0,0.0,11.0,1.0,0.0,11.0,1.0,0.0,27.83,2.53,0.0,27.83,2.53,0.0,4540288.779999999,20140.64,0.0
FLORENCE_2018,51099,78.96428571428571,6.0,17.0,15.0,1.0,2.0,28.0,2.0,3.0,28.0,2.0,3.0,70.84000000000002,5.06,7.59,70.84000000000002,5.06,7.59,6692129.045000001,26355.54,183786.49
FLORENCE_2018,51101,62.611111111111114,7.5,18.5,15.0,2.0,1.0,9.0,8.0,1.0,9.0,8.0,1.0,22.77,20.24,2.53,22.77,20.24,2.53,1458475.0,113216.48,28275.955
FLORENCE_2018,51103,79.34579439252336,8.403846153846153,18.285714285714285,15.0,2.0,2.0,107.0,26.0,7.0,107.0,26.0,7.0,270.7100000000001,65.78000000000002,17.709999999999997,270.7100000000001,65.78000000000002,17.709999999999997,18133616.569999997,944947.585,240286.705
FLORENCE_2018,51115,80.52222222222223,9.704545454545457,18.416666666666668,15.0,2.0,2.0,180.0,22.0,36.0,180.0,22.0,36.0,455.3999999999998,55.66000000000001,91.08,455.3999999999998,55.66000000000001,91.08,35504941.11500001,655445.7300000002,1325903.14
FLORENCE_2018,51119,80.22935779816514,8.0625,18.55,15.0,2.0,2.0,109.0,16.0,10.0,109.0,16.0,10.0,275.77,40.48,25.299999999999997,275.77,40.48,25.299999999999997,14885631.39,218558.84499999997,251785.08
FLORENCE_2018,51127,75.33333333333333,0.0,18.666666666666668,15.0,0.0,2.0,6.0,0.0,3.0,6.0,0.0,3.0,15.179999999999998,0.0,7.59,15.179999999999998,0.0,7.59,817150.2350000001,0.0,121147.125
FLORENCE_2018,51131,67.87288135593221,6.0,0.0,15.0,1.0,0.0,59.0,1.0,0.0,59.0,1.0,0.0,149.27000000000004,2.53,0.0,149.27000000000004,2.53,0.0,8772105.979999999,13486.92,0.0
FLORENCE_2018,51133,78.10049019607843,8.413793103448276,18.363636363636363,15.0,2.0,2.0,204.0,29.0,33.0,204.0,29.0,33.0,516.1199999999999,73.37000000000002,83.49000000000002,516.1199999999999,73.37000000000002,83.49000000000002,39065759.83999999,772403.1549999999,1729729.88
FLORENCE_2018,51153,100.0,0.0,0.0,15.0,0.0,0.0,2.0,0.0,0.0,2.0,0.0,0.0,5.06,0.0,0.0,5.06,0.0,0.0,937500.0,0.0,0.0
FLORENCE_2018,51159,85.35714285714286,0.0,18.5,15.0,0.0,2.0,21.0,0.0,3.0,21.0,0.0,3.0,53.13000000000002,0.0,7.59,53.13000000000002,0.0,7.59,2685308.71,0.0,75895.87999999999
FLORENCE_2018,51175,100.0,0.0,0.0,15.0,0.0,0.0,3.0,0.0,0.0,3.0,0.0,0.0,7.59,0.0,0.0,7.59,0.0,0.0,215723.0,0.0,0.0
FLORENCE_2018,51179,79.2375,11.785714285714286,18.5,15.0,2.0,2.0,40.0,7.0,3.0,40.0,7.0,3.0,101.20000000000005,17.709999999999997,7.59,101.20000000000005,17.709999999999997,7.59,9157940.61,338332.12,176349.215
FLORENCE_2018,51181,87.22222222222223,4.25,18.5,15.0,1.0,1.0,9.0,2.0,2.0,9.0,2.0,2.0,22.77,5.06,5.06,22.77,5.06,5.06,1223531.575,21808.03,56462.0
FLORENCE_2018,51193,78.47905759162303,8.660714285714286,18.428571428571427,15.0,2.0,2.0,191.0,28.0,21.0,191.0,28.0,21.0,483.23,70.84000000000002,53.13000000000001,483.23,70.84000000000002,53.13000000000001,32711196.83500001,873410.3300000001,675780.5750000001
FLORENCE_2018,51199,86.71518987341773,8.166666666666666,18.5,15.0,2.0,2.0,79.0,3.0,7.0,79.0,3.0,7.0,199.8700000000001,7.59,17.709999999999997,199.8700000000001,7.59,17.709999999999997,18572935.380000003,119973.47,289843.755
FLORENCE_2018,51550,73.04729729729729,7.170454545454546,17.8,15.0,2.0,2.0,148.0,44.0,10.0,148.0,44.0,10.0,374.44,111.32000000000002,25.299999999999997,374.44,111.32000000000002,25.299999999999997,29316375.19,773485.355,161471.92500000002
FLORENCE_2018,51650,72.14012738853503,6.541666666666667,18.5,15.0,2.0,2.0,157.0,48.0,12.0,157.0,48.0,12.0,397.21,121.44000000000004,30.360000000000003,397.21,121.44000000000004,30.360000000000003,28961188.68999999,872477.6300000002,326237.69499999995
FLORENCE_2018,51670,100.0,0.0,0.0,15.0,0.0,0.0,1.0,0.0,0.0,1.0,0.0,0.0,2.53,0.0,0.0,2.53,0.0,0.0,120714.0,0.0,0.0
FLORENCE_2018,51700,75.6304347826087,5.5,18.5,15.0,1.0,2.0,23.0,1.0,1.0,23.0,1.0,1.0,58.19000000000001,2.53,2.53,58.19000000000001,2.53,2.53,5036861.355,22717.695,41524.175
FLORENCE_2018,51710,74.11340206185567,6.5625,15.5,15.0,2.0,1.0,97.0,8.0,1.0,97.0,8.0,1.0,245.41000000000005,20.24,2.53,245.41000000000005,20.24,2.53,15678065.88,119173.275,202063.27
FLORENCE_2018,51735,72.36637931034483,7.288461538461538,18.384615384615383,15.0,2.0,2.0,116.0,52.0,13.0,116.0,52.0,13.0,293.48,131.56000000000003,32.89,293.48,131.56000000000003,32.89,24168246.425,1120507.9500000002,739740.1399999999
FLORENCE_2018,51740,74.12096774193549,0.0,16.5,15.0,0.0,2.0,62.0,0.0,3.0,62.0,0.0,3.0,156.86000000000004,0.0,7.59,156.86000000000004,0.0,7.59,9904956.6,0.0,221313.825
FLORENCE_2018,51800,70.40178571428571,5.5,0.0,15.0,1.0,0.0,56.0,1.0,0.0,56.0,1.0,0.0,141.68000000000004,2.53,0.0,141.68000000000004,2.53,0.0,12697619.69,16690.245,0.0
FLORENCE_2018,51810,88.69266055045871,0.0,0.0,15.0,0.0,0.0,109.0,0.0,0.0,109.0,0.0,0.0,275.77000000000004,0.0,0.0,275.77000000000004,0.0,0.0,14992625.94,0.0,0.0
HELENE_2024,12005,85.90761129727142,6.5,15.5,15.0,1.0,1.0,2089.0,2.0,1.0,2089.0,2.0,1.0,5285.17,5.06,2.53,5285.17,5.06,2.53,287154119.81500006,43376.59,117884.94
HELENE_2024,12009,81.3205224817885,9.84375,18.47619047619047,15.0,2.0,2.0,7962.0,16.0,63.0,7962.0,16.0,63.0,20143.859999999884,40.48,159.39000000000004,20143.859999999884,40.48,159.39000000000004,1788361001.715,485551.105,2964466.085
HELENE_2024,12011,81.4484474522293,8.0,18.5,15.0,1.0,1.0,7536.0,4.0,3.0,7536.0,4.0,3.0,19066.0799999999,10.12,7.59,19066.0799999999,10.12,7.59,1407219145.8850002,27862.06,194735.81
HELENE_2024,12013,84.91609589041096,0.0,0.0,15.0,0.0,0.0,292.0,0.0,0.0,292.0,0.0,0.0,738.7599999999999,0.0,0.0,738.7599999999999,0.0,0.0,38752360.629999995,0.0,0.0
HELENE_2024,12015,60.2490234375,9.564236473783165,18.340903992821893,15.0,4.0,3.0,13824.0,4787.0,8916.0,13824.0,4726.0,8916.0,34974.71999999973,12111.109999999971,22557.479999999858,34974.71999999973,11956.779999999972,22557.479999999858,1563389045.9849997,114486012.205,368963590.1049999
HELENE_2024,12017,80.04031638765167,74.5274190529665,19.21023427866831,15.0,5.0,3.0,6511.0,10686.0,811.0,6511.0,10061.0,811.0,16472.829999999925,27035.57999999981,2051.8300000000004,16472.829999999925,25454.32999999983,2051.8300000000004,593534412.1400001,979094811.4949998,31157967.335
HELENE_2024,12021,83.68169826875516,9.025996533795494,18.26592478894858,15.0,3.0,3.0,12130.0,1731.0,1303.0,12130.0,1731.0,1303.0,30688.899999999772,4379.430000000001,3296.5900000000015,30688.899999999772,4379.430000000001,3296.5900000000015,2576072586.9549985,49948733.01499999,77124762.62
HELENE_2024,12027,85.80110294117647,10.5,18.76923076923077,15.0,3.0,3.0,1360.0,5.0,13.0,1360.0,5.0,13.0,3440.800000000001,12.65,32.89,3440.800000000001,12.65,32.89,214085058.92,95499.655,331391.02999999997
HELENE_2024,12029,89.29013079667062,61.68697916666667,18.99264705882353,15.0,5.0,3.0,841.0,1920.0,68.0,841.0,1426.0,68.0,2127.7300000000005,4857.600000000003,172.04000000000005,2127.7300000000005,3607.780000000001,172.04000000000005,58949599.355,95019852.42,2213346.17
HELENE_2024,12033,86.072,0.0,0.0,15.0,0.0,0.0,1125.0,0.0,0.0,1125.0,0.0,0.0,2846.25,0.0,0.0,2846.25,0.0,0.0,165373409.74000004,0.0,0.0
HELENE_2024,12037,79.38770053475936,8.61328125,18.380733944954127,15.0,4.0,3.0,935.0,128.0,109.0,935.0,109.0,109.0,2365.55,323.84000000000003,275.7700000000001,2365.55,275.77000000000004,275.7700000000001,87671942.49500002,2154579.3200000003,3400141.01
HELENE_2024,12041,83.38949275362319,39.98529411764706,18.352941176470587,15.0,5.0,3.0,276.0,34.0,17.0,276.0,34.0,17.0,698.2799999999999,86.02000000000002,43.010000000000005,698.2799999999999,86.02000000000002,43.010000000000005,23238260.690000005,1904357.76,345978.61500000005
HELENE_2024,12045,85.64007782101167,5.678571428571429,18.5,15.0,1.0,2.0,771.0,14.0,10.0,771.0,14.0,10.0,1950.6300000000008,35.42,25.299999999999997,1950.6300000000008,35.42,25.299999999999997,73223376.685,140855.49000000002,278532.67
HELENE_2024,12049,88.45205479452055,0.0,0.0,15.0,0.0,0.0,511.0,0.0,0.0,511.0,0.0,0.0,1292.8300000000002,0.0,0.0,1292.8300000000002,0.0,0.0,66458896.03500001,0.0,0.0
HELENE_2024,12051,90.15569395017792,0.0,0.0,15.0,0.0,0.0,1124.0,0.0,0.0,1124.0,0.0,0.0,2843.7200000000007,0.0,0.0,2843.7200000000007,0.0,0.0,168142382.03499997,0.0,0.0
HELENE_2024,12053,84.76041666666667,80.01354256233878,18.75147928994083,15.0,5.0,3.0,1872.0,2326.0,169.0,1872.0,2224.0,169.0,4736.160000000001,5884.780000000001,427.56999999999994,4736.160000000001,5626.720000000002,427.56999999999994,253003362.93000004,260404667.91499996,10676176.234999998
HELENE_2024,12057,68.5818320610687,32.70848006361468,18.751612132791976,15.0,5.0,3.0,36025.0,17606.0,12561.0,36025.0,14759.0,12561.0,91143.2500000007,44543.17999999962,31779.32999999976,91143.2500000007,37340.269999999706,31779.32999999976,5259123795.935001,1256608800.26,655007875.415
HELENE_2024,12061,85.61078006500541,0.0,18.5,15.0,0.0,1.0,3692.0,0.0,1.0,3692.0,0.0,1.0,9340.759999999998,0.0,2.53,9340.759999999998,0.0,2.53,678216918.925,0.0,56094.96
HELENE_2024,12065,78.90243902439025,21.0,0.0,15.0,5.0,0.0,328.0,3.0,0.0,328.0,2.0,0.0,829.8400000000001,7.59,0.0,829.8400000000001,5.06,0.0,40309579.47,99846.73,0.0
HELENE_2024,12067,86.93153526970954,0.0,0.0,15.0,0.0,0.0,241.0,0.0,0.0,241.0,0.0,0.0,609.73,0.0,0.0,609.73,0.0,0.0,22584324.355000004,0.0,0.0
HELENE_2024,12071,78.49002211722127,9.464436755094194,18.37747653806048,15.0,4.0,3.0,19894.0,5202.0,5754.0,19894.0,5199.0,5754.0,50331.81999999957,13161.059999999963,14557.61999999994,50331.81999999957,13153.46999999996,14557.61999999994,2617478796.995,115313009.845,234543572.95499995
HELENE_2024,12073,83.73743315508021,0.0,0.0,15.0,0.0,0.0,1870.0,0.0,0.0,1870.0,0.0,0.0,4731.100000000001,0.0,0.0,4731.100000000001,0.0,0.0,259509277.47499993,0.0,0.0
HELENE_2024,12075,83.75606641123882,69.31374138629914,19.653846153846153,15.0,5.0,3.0,783.0,2467.0,52.0,783.0,2215.0,52.0,1980.9900000000007,6241.510000000002,131.56000000000003,1980.9900000000007,5603.95,131.56000000000003,54597256.65000001,163839381.47,1489939.92
HELENE_2024,12077,86.77835051546391,0.0,0.0,15.0,0.0,0.0,194.0,0.0,0.0,194.0,0.0,0.0,490.8199999999999,0.0,0.0,490.8199999999999,0.0,0.0,19483283.135000005,0.0,0.0
HELENE_2024,12079,86.7279411764706,0.0,0.0,15.0,0.0,0.0,68.0,0.0,0.0,68.0,0.0,0.0,172.04000000000005,0.0,0.0,172.04000000000005,0.0,0.0,6601824.8999999985,0.0,0.0
HELENE_2024,12081,72.45745614035087,35.26017861833465,19.012210796915166,15.0,5.0,3.0,13680.0,7614.0,3890.0,13680.0,5367.0,3890.0,34610.399999999725,19263.4199999999,9841.699999999995,34610.399999999725,13578.509999999957,9841.699999999995,2048610216.005,527109530.32000005,296749812.66
HELENE_2024,12083,82.88392857142857,0.0,0.0,15.0,0.0,0.0,56.0,0.0,0.0,56.0,0.0,0.0,141.68000000000004,0.0,0.0,141.68000000000004,0.0,0.0,6912629.43,0.0,0.0
HELENE_2024,12085,85.52098047361861,7.5,18.5,15.0,1.0,1.0,2407.0,22.0,6.0,2407.0,22.0,6.0,6089.710000000002,55.66000000000001,15.18,6089.710000000002,55.66000000000001,15.18,529821238.12000006,464752.03,403124.06499999994
HELENE_2024,12086,81.72421230307577,0.0,0.0,15.0,0.0,0.0,5332.0,0.0,0.0,5332.0,0.0,0.0,13489.95999999996,0.0,0.0,13489.95999999996,0.0,0.0,1413275826.9299998,0.0,0.0
HELENE_2024,12087,75.62105263157895,9.548571428571428,18.408839779005525,15.0,2.0,2.0,1995.0,350.0,181.0,1995.0,350.0,181.0,5047.350000000002,885.5,457.93,5047.350000000002,885.5,457.93,397233061.085,7210278.755000001,5804094.36
HELENE_2024,12091,79.95967741935483,0.0,0.0,15.0,0.0,0.0,744.0,0.0,0.0,744.0,0.0,0.0,1882.32,0.0,0.0,1882.32,0.0,0.0,126121271.03499998,0.0,0.0
HELENE_2024,12099,82.58077256005194,6.555555555555555,18.26923076923077,15.0,1.0,1.0,9242.0,9.0,13.0,9242.0,9.0,13.0,23382.25999999985,22.77,32.89,23382.25999999985,22.77,32.89,2088885009.7599993,190070.80499999996,444884.975
HELENE_2024,12101,66.22654684558869,52.59531296351231,19.424231794583974,15.0,5.0,3.0,16469.0,16855.0,7127.0,16469.0,13762.0,7127.0,41666.56999999966,42643.14999999966,18031.309999999907,41666.56999999966,34817.859999999724,18031.309999999907,2157825005.9500003,2663294105.8499994,2019848569.2500005
HELENE_2024,12103,60.24598182080508,57.20143815118599,19.19441015089163,15.0,5.0,3.0,34655.0,36088.0,14580.0,34655.0,33637.0,14580.0,87677.15000000043,91302.64000000073,36887.39999999971,87677.15000000043,85101.6100000002,36887.39999999971,3641783295.5499983,4228784203.095001,756882497.595
HELENE_2024,12111,84.37283950617284,12.3125,18.5,15.0,1.0,1.0,3645.0,24.0,38.0,3645.0,24.0,38.0,9221.849999999997,60.72,96.14,9221.849999999997,60.72,96.14,645641220.1750001,577496.545,1130766.9899999998
HELENE_2024,12113,87.37242268041237,0.0,0.0,15.0,0.0,0.0,1940.0,0.0,0.0,1940.0,0.0,0.0,4908.200000000002,0.0,0.0,4908.200000000002,0.0,0.0,343302296.74999994,0.0,0.0
HELENE_2024,12115,70.769569683209,28.316490583371618,18.536338999753635,15.0,4.0,3.0,18498.0,2177.0,4059.0,18498.0,2114.0,4059.0,46799.93999999961,5507.810000000003,10269.269999999988,46799.93999999961,5348.420000000002,10269.269999999988,2869096756.52,117897357.71,190811383.305
HELENE_2024,12121,88.9077253218884,0.0,0.0,15.0,0.0,0.0,233.0,0.0,0.0,233.0,0.0,0.0,589.4899999999999,0.0,0.0,589.4899999999999,0.0,0.0,21931236.654999997,0.0,0.0
HELENE_2024,12123,85.05900243309003,64.89287717330342,19.142857142857142,15.0,5.0,3.0,822.0,1783.0,70.0,822.0,1550.0,70.0,2079.6600000000003,4510.990000000002,177.10000000000005,2079.6600000000003,3921.500000000001,177.10000000000005,60588535.085,102486892.95,1687307.1050000002
HELENE_2024,12129,80.85797827903092,23.683768656716417,18.48429319371728,15.0,5.0,3.0,1197.0,536.0,191.0,1197.0,305.0,191.0,3028.4100000000008,1356.0800000000004,483.23,3028.4100000000008,771.6499999999996,483.23,107604241.97,16535583.479999997,4678535.815
HELENE_2024,12131,80.90676056338029,0.0,0.0,15.0,0.0,0.0,1775.0,0.0,0.0,1775.0,0.0,0.0,4490.750000000002,0.0,0.0,4490.750000000002,0.0,0.0,233088802.3399999,0.0,0.0
HELENE_2024,12133,81.55575539568345,0.0,0.0,15.0,0.0,0.0,556.0,0.0,0.0,556.0,0.0,0.0,1406.68,0.0,0.0,1406.68,0.0,0.0,48855796.690000005,0.0,0.0
IAN_2022,12019,86.12439024390244,9.875,18.5,15.0,1.0,1.0,1435.0,4.0,2.0,1435.0,4.0,2.0,3630.5500000000006,10.12,5.06,3630.5500000000006,10.12,5.06,228968238.085,98962.695,110346.58
IAN_2022,12031,82.8643850658858,9.55,18.17391304347826,15.0,1.0,2.0,5464.0,50.0,23.0,5464.0,50.0,23.0,13823.919999999956,126.50000000000004,58.19000000000002,13823.919999999956,126.50000000000004,58.19000000000002,1089030427.69,1169341.48,904788.8450000004
IAN_2022,12035,86.9008875739645,6.908333333333333,18.5,15.0,2.0,2.0,676.0,120.0,87.0,676.0,120.0,87.0,1710.2800000000004,303.6,220.11000000000004,1710.2800000000004,303.6,220.11000000000004,119369360.09999998,1646385.9400000004,2832803.6199999996
IAN_2022,12069,78.671875,9.00531914893617,18.441666666666663,2.0,2.0,2.0,160.0,94.0,60.0,160.0,94.0,60.0,404.7999999999999,237.82000000000008,151.80000000000004,404.7999999999999,237.82000000000008,151.80000000000004,7866119.5,1410234.4100000004,1437251.9650000003
IAN_2022,12089,85.21252796420582,8.642857142857142,18.5,15.0,2.0,2.0,894.0,28.0,9.0,894.0,28.0,9.0,2261.8200000000006,70.84000000000002,22.77,2261.8200000000006,70.84000000000002,22.77,124279661.675,549452.1500000001,321290.61
IAN_2022,12107,84.38860435339309,9.321428571428571,18.26086956521739,15.0,2.0,2.0,781.0,70.0,23.0,781.0,70.0,23.0,1975.93,177.10000000000005,58.19000000000001,1975.93,177.10000000000005,58.19000000000001,71749289.96499997,1330076.9300000006,664934.135
IAN_2022,12109,81.58807733619764,11.306818181818182,18.29069767441861,15.0,3.0,3.0,3724.0,88.0,86.0,3724.0,88.0,86.0,9421.719999999998,222.64000000000007,217.58000000000004,9421.719999999998,222.64000000000007,217.58000000000004,830444405.1599998,3183635.475000001,4432618.245
IAN_2022,12127,82.31341911764706,9.846698113207546,18.225152129817445,15.0,2.0,2.0,1088.0,424.0,493.0,1088.0,424.0,493.0,2752.6400000000017,1072.72,1247.29,2752.6400000000017,1072.72,1247.29,208252546.56500003,8540349.42,15799886.12
IAN_2022,37013,80.34304932735427,9.094991364421416,18.41214953271028,15.0,3.0,3.0,2007.0,579.0,535.0,2007.0,579.0,535.0,5077.710000000002,1464.87,1353.5500000000002,5077.710000000002,1464.87,1353.5500000000002,198867279.27,9456360.804999998,16597090.945000002
IAN_2022,37015,85.4760820045558,11.0,18.5,15.0,2.0,1.0,439.0,1.0,1.0,439.0,1.0,1.0,1110.67,2.53,2.53,1110.67,2.53,2.53,45469040.04,5558.63,21508.84
IAN_2022,37017,77.43076923076923,0.0,0.0,15.0,0.0,0.0,130.0,0.0,0.0,130.0,0.0,0.0,328.90000000000003,0.0,0.0,328.90000000000003,0.0,0.0,13564835.335,0.0,0.0
IAN_2022,37019,79.75975927130774,8.632432432432433,18.388,15.0,4.0,3.0,3074.0,185.0,125.0,3074.0,182.0,125.0,7777.220000000003,468.04999999999984,316.24999999999994,7777.220000000003,460.45999999999987,316.24999999999994,420076809.3449999,3618146.89,5333698.385000002
IAN_2022,37029,91.02155172413794,7.025,18.5,15.0,2.0,2.0,348.0,20.0,1.0,348.0,20.0,1.0,880.4399999999998,50.60000000000001,2.53,880.4399999999998,50.60000000000001,2.53,46499778.4,271253.42,25470.245
IAN_2022,37031,82.25853804673457,7.917515274949084,18.239884393063583,15.0,3.0,2.0,1669.0,491.0,173.0,1669.0,491.0,173.0,4222.5700000000015,1242.2300000000002,437.68999999999994,4222.5700000000015,1242.2300000000002,437.68999999999994,188609388.13,7361702.704999999,5345138.95
IAN_2022,37041,89.46088019559902,10.4375,18.5,15.0,1.0,1.0,409.0,8.0,11.0,409.0,8.0,11.0,1034.7700000000002,20.24,27.83,1034.7700000000002,20.24,27.83,45089029.06000002,127585.82,285933.41000000003
IAN_2022,37047,87.22932917316693,0.0,0.0,15.0,0.0,0.0,641.0,0.0,0.0,641.0,0.0,0.0,1621.7300000000005,0.0,0.0,1621.7300000000005,0.0,0.0,68511486.815,0.0,0.0
IAN_2022,37049,89.57599517490954,7.914790996784566,18.17948717948718,15.0,2.0,2.0,1658.0,311.0,156.0,1658.0,311.0,156.0,4194.74,786.8299999999997,394.67999999999984,4194.74,786.8299999999997,394.67999999999984,196383855.415,4049717.455,4819192.444999999
IAN_2022,37053,82.3502487562189,9.1,0.0,15.0,1.0,0.0,1005.0,5.0,0.0,1005.0,5.0,0.0,2542.65,12.65,0.0,2542.65,12.65,0.0,154369564.9,91106.835,0.0
IAN_2022,37055,74.8371121718377,6.608333333333333,18.4375,15.0,2.0,2.0,1676.0,60.0,48.0,1676.0,60.0,48.0,4240.280000000001,151.80000000000004,121.44000000000004,4240.280000000001,151.80000000000004,121.44000000000004,231596601.01500008,813857.2899999999,1469158.93
IAN_2022,37073,85.86556603773585,10.071428571428571,18.5,15.0,1.0,1.0,212.0,7.0,2.0,212.0,7.0,2.0,536.3599999999998,17.709999999999997,5.06,536.3599999999998,17.709999999999997,5.06,20647375.56,117651.19,62911.655
IAN_2022,37079,86.65825688073394,0.0,0.0,15.0,0.0,0.0,218.0,0.0,0.0,218.0,0.0,0.0,551.54,0.0,0.0,551.54,0.0,0.0,27536627.775,0.0,0.0
IAN_2022,37091,82.65825688073394,10.533333333333331,18.055555555555557,15.0,2.0,2.0,218.0,15.0,9.0,218.0,15.0,9.0,551.5399999999998,37.95,22.769999999999996,551.5399999999998,37.95,22.769999999999996,25489112.865,273036.44999999995,406887.745
IAN_2022,37095,87.52484939759036,7.956962025316456,18.28731343283582,15.0,2.0,2.0,664.0,395.0,134.0,664.0,395.0,134.0,1679.9200000000003,999.35,339.02,1679.9200000000003,999.35,339.02,57754321.66499999,4370794.010000001,3274323.555
IAN_2022,37103,87.89851485148515,0.0,0.0,15.0,0.0,0.0,202.0,0.0,0.0,202.0,0.0,0.0,511.05999999999995,0.0,0.0,511.05999999999995,0.0,0.0,21144158.945,0.0,0.0
IAN_2022,37107,85.21353065539112,0.0,0.0,15.0,0.0,0.0,473.0,0.0,0.0,473.0,0.0,0.0,1196.6900000000005,0.0,0.0,1196.6900000000005,0.0,0.0,55254283.61,0.0,0.0
IAN_2022,37117,81.8292469352014,11.5,0.0,15.0,1.0,0.0,1142.0,1.0,0.0,1142.0,1.0,0.0,2889.260000000001,2.53,0.0,2889.260000000001,2.53,0.0,135223195.94,22411.2,0.0
IAN_2022,37129,62.564505978602895,12.810546875,17.6875,15.0,3.0,3.0,1589.0,256.0,128.0,1589.0,256.0,128.0,4020.1700000000014,647.6800000000001,323.84000000000003,4020.1700000000014,647.6800000000001,323.84000000000003,258379622.55,10415654.519999998,7285157.284999999
IAN_2022,37131,90.6639344262295,0.0,0.0,15.0,0.0,0.0,122.0,0.0,0.0,122.0,0.0,0.0,308.66,0.0,0.0,308.66,0.0,0.0,9791783.84,0.0,0.0
IAN_2022,37133,80.4074074074074,10.903426791277258,18.190265486725664,15.0,3.0,2.0,2430.0,321.0,226.0,2430.0,321.0,226.0,6147.900000000002,812.13,571.7799999999999,6147.900000000002,812.13,571.7799999999999,290420574.62,7432931.045000001,7845620.805000001
IAN_2022,37137,88.075625,7.858333333333333,18.272727272727273,15.0,2.0,2.0,800.0,240.0,66.0,800.0,240.0,66.0,2024.0000000000005,607.2,166.98000000000005,2024.0000000000005,607.2,166.98000000000005,84292936.72000001,3118159.605,1804109.94
IAN_2022,37139,83.46315789473684,7.547619047619048,18.533333333333335,15.0,2.0,2.0,475.0,84.0,15.0,475.0,84.0,15.0,1201.75,212.52000000000007,37.95,1201.75,212.52000000000007,37.95,62700477.41500001,1105311.53,498623.255
IAN_2022,37141,85.50725388601036,9.607142857142858,18.314285714285713,15.0,2.0,2.0,1930.0,28.0,35.0,1930.0,28.0,35.0,4882.900000000002,70.84000000000002,88.55000000000001,4882.900000000002,70.84000000000002,88.55000000000001,227716036.46000004,524157.155,981337.17
IAN_2022,37143,88.09292035398231,7.444444444444445,17.0,15.0,2.0,2.0,678.0,18.0,1.0,678.0,18.0,1.0,1715.34,45.540000000000006,2.53,1715.34,45.540000000000006,2.53,92934947.22500004,253908.76500000004,17914.260000000002
IAN_2022,37147,81.57836710369487,11.071428571428571,18.2,15.0,2.0,2.0,1678.0,7.0,5.0,1678.0,7.0,5.0,4245.340000000001,17.709999999999997,12.65,4245.340000000001,17.709999999999997,12.65,235979498.865,97991.17500000002,131132.18
IAN_2022,37177,84.50739957716702,7.50625,18.42105263157895,15.0,2.0,2.0,473.0,80.0,19.0,473.0,80.0,19.0,1196.69,202.4000000000001,48.070000000000014,1196.69,202.4000000000001,48.070000000000014,45820878.405,936918.745,473940.955
IAN_2022,37187,91.50689655172414,0.0,17.0,15.0,0.0,2.0,435.0,0.0,1.0,435.0,0.0,1.0,1100.5500000000004,0.0,2.53,1100.5500000000004,0.0,2.53,84476188.865,0.0,17398.48
IAN_2022,45009,43.5,0.0,0.0,15.0,0.0,0.0,1.0,0.0,0.0,1.0,0.0,0.0,2.53,0.0,0.0,2.53,0.0,0.0,80123.085,0.0,0.0
IAN_2022,45013,75.63889510176695,10.028617710583154,18.38716502115656,15.0,3.0,3.0,4471.0,926.0,709.0,4471.0,926.0,709.0,11311.62999999998,2342.7800000000007,1793.7700000000004,11311.62999999998,2342.7800000000007,1793.7700000000004,873384619.2199999,25757880.855000004,35934780.66500001
IAN_2022,45015,78.31304552960604,10.055366269165248,18.28782287822878,15.0,3.0,3.0,4239.0,587.0,271.0,4239.0,587.0,271.0,10724.669999999984,1485.1100000000004,685.63,10724.669999999984,1485.1100000000004,685.63,691055875.9950001,23492351.20000001,17059555.245
IAN_2022,45019,59.26244529540482,12.153052234109502,18.57441959079826,15.0,4.0,3.0,10968.0,7945.0,9433.0,10968.0,7945.0,9433.0,27749.039999999808,20100.84999999989,23865.489999999845,27749.039999999808,20100.84999999989,23865.489999999845,1850493481.074999,338726810.165,604468314.06
IAN_2022,45027,100.0,0.0,0.0,15.0,0.0,0.0,1.0,0.0,0.0,1.0,0.0,0.0,2.53,0.0,0.0,2.53,0.0,0.0,76319.0,0.0,0.0
IAN_2022,45029,82.1164199192463,8.606508875739644,18.378980891719745,15.0,3.0,3.0,2229.0,169.0,157.0,2229.0,169.0,157.0,5639.370000000001,427.56999999999994,397.2099999999999,5639.370000000001,427.56999999999994,397.2099999999999,277325584.43499994,3795837.920000001,6518477.044999997
IAN_2022,45035,78.22502744237102,10.6875,18.1,15.0,1.0,2.0,2733.0,8.0,5.0,2733.0,8.0,5.0,6914.490000000002,20.24,12.65,6914.490000000002,20.24,12.65,470420326.2099999,259686.525,361355.15
IAN_2022,45043,69.71778622729192,11.31978021978022,18.488095238095237,15.0,4.0,3.0,2367.0,910.0,672.0,2367.0,888.0,672.0,5988.510000000003,2302.3000000000006,1700.16,5988.510000000003,2246.6400000000003,1700.16,342592727.82,33033949.7,37513627.42499999
IAN_2022,45049,86.29585798816568,0.0,0.0,15.0,0.0,0.0,507.0,0.0,0.0,507.0,0.0,0.0,1282.71,0.0,0.0,1282.71,0.0,0.0,66200219.10500001,0.0,0.0
IAN_2022,45051,80.46257780476697,12.802067946824224,18.483050847457623,15.0,4.0,3.0,6587.0,677.0,767.0,6587.0,641.0,767.0,16665.109999999917,1712.81,1940.510000000001,16665.109999999917,1621.73,1940.510000000001,820699497.6449999,19957951.110000003,59714947.27499999
IAN_2022,45053,82.8869760479042,0.0,0.0,15.0,0.0,0.0,668.0,0.0,0.0,668.0,0.0,0.0,1690.0400000000002,0.0,0.0,1690.0400000000002,0.0,0.0,64592761.77,0.0,0.0
IAN_2022,45067,77.87809917355372,0.0,0.0,15.0,0.0,0.0,242.0,0.0,0.0,242.0,0.0,0.0,612.2599999999999,0.0,0.0,612.2599999999999,0.0,0.0,29009672.25,0.0,0.0
IAN_2022,45089,83.52826475849731,0.0,0.0,15.0,0.0,0.0,2795.0,0.0,0.0,2795.0,0.0,0.0,7071.350000000003,0.0,0.0,7071.350000000003,0.0,0.0,269003833.46500003,0.0,0.0
IDALIA_2023,12009,81.04855797527958,0.0,0.0,15.0,0.0,0.0,11893.0,0.0,0.0,11893.0,0.0,0.0,30089.289999999775,0.0,0.0,30089.289999999775,0.0,0.0,2542032828.53,0.0,0.0
IDALIA_2023,12011,81.44403925208859,0.0,0.0,15.0,0.0,0.0,7541.0,0.0,0.0,7541.0,0.0,0.0,19078.729999999898,0.0,0.0,19078.729999999898,0.0,0.0,1407396334.5350003,0.0,0.0
IDALIA_2023,12019,86.12439024390244,0.0,0.0,15.0,0.0,0.0,1435.0,0.0,0.0,1435.0,0.0,0.0,3630.550000000002,0.0,0.0,3630.550000000002,0.0,0.0,228968238.08500004,0.0,0.0
IDALIA_2023,12031,82.88423464711273,11.6,18.5,15.0,1.0,1.0,5455.0,5.0,1.0,5455.0,5.0,1.0,13801.149999999952,12.65,2.53,13801.149999999952,12.65,2.53,1088359779.09,165430.12,176642.30000000002
IDALIA_2023,12035,87.90487421383648,7.125,18.5,15.0,1.0,1.0,636.0,4.0,1.0,636.0,4.0,1.0,1609.0800000000004,10.12,2.53,1609.0800000000004,10.12,2.53,117074308.975,50159.145,20817.495
IDALIA_2023,12061,85.63670920445288,0.0,0.0,15.0,0.0,0.0,3683.0,0.0,0.0,3683.0,0.0,0.0,9317.99,0.0,0.0,9317.99,0.0,0.0,677715563.4249998,0.0,0.0
IDALIA_2023,12069,75.0,8.75,0.0,1.0,1.0,0.0,3.0,2.0,0.0,3.0,2.0,0.0,7.59,5.06,0.0,7.59,5.06,0.0,120359.25,26956.210000000003,0.0
IDALIA_2023,12085,85.52098047361861,0.0,0.0,15.0,0.0,0.0,2407.0,0.0,0.0,2407.0,0.0,0.0,6089.710000000003,0.0,0.0,6089.710000000003,0.0,0.0,529821238.11999995,0.0,0.0
IDALIA_2023,12086,81.70101925254814,0.0,0.0,15.0,0.0,0.0,5298.0,0.0,0.0,5298.0,0.0,0.0,13403.93999999996,0.0,0.0,13403.93999999996,0.0,0.0,1402726448.3250003,0.0,0.0
IDALIA_2023,12087,75.5556135770235,0.0,0.0,15.0,0.0,0.0,1915.0,0.0,0.0,1915.0,0.0,0.0,4844.95,0.0,0.0,4844.95,0.0,0.0,393527990.5850001,0.0,0.0
IDALIA_2023,12089,85.57648401826484,8.071428571428571,18.5,15.0,1.0,1.0,876.0,7.0,2.0,876.0,7.0,2.0,2216.2800000000007,17.709999999999997,5.06,2216.2800000000007,17.709999999999997,5.06,123243784.45,177994.745,62672.634999999995
IDALIA_2023,12099,82.5889358016672,0.0,0.0,15.0,0.0,0.0,9237.0,0.0,0.0,9237.0,0.0,0.0,23369.609999999855,0.0,0.0,23369.609999999855,0.0,0.0,2088163324.8849995,0.0,0.0
IDALIA_2023,12107,85.69610778443113,0.0,0.0,15.0,0.0,0.0,668.0,0.0,0.0,668.0,0.0,0.0,1690.0400000000009,0.0,0.0,1690.0400000000009,0.0,0.0,66089247.34,0.0,0.0
IDALIA_2023,12109,81.70013586956522,10.625,18.375,15.0,2.0,2.0,3680.0,8.0,8.0,3680.0,8.0,8.0,9310.399999999996,20.24,20.24,9310.399999999996,20.24,20.24,827813724.76,440015.105,875349.68
IDALIA_2023,12111,84.38056013179572,0.0,0.0,15.0,0.0,0.0,3642.0,0.0,0.0,3642.0,0.0,0.0,9214.260000000002,0.0,0.0,9214.260000000002,0.0,0.0,645525351.175,0.0,0.0
IDALIA_2023,12127,85.56105834464043,13.5,16.227272727272727,15.0,1.0,2.0,1474.0,2.0,11.0,1474.0,2.0,11.0,3729.2200000000007,5.06,27.83,3729.2200000000007,5.06,27.83,267169551.29499996,10032.93,147086.00999999998
IDALIA_2023,13025,87.71513944223108,0.0,0.0,15.0,0.0,0.0,502.0,0.0,0.0,502.0,0.0,0.0,1270.06,0.0,0.0,1270.06,0.0,0.0,58470389.49499999,0.0,0.0
IDALIA_2023,13029,79.22006141248721,0.0,0.0,15.0,0.0,0.0,977.0,0.0,0.0,977.0,0.0,0.0,2471.8100000000013,0.0,0.0,2471.8100000000013,0.0,0.0,178138192.19000006,0.0,0.0
IDALIA_2023,13039,84.4297385620915,7.833333333333333,18.5,15.0,1.0,1.0,1530.0,3.0,1.0,1530.0,3.0,1.0,3870.9,7.59,2.53,3870.9,7.59,2.53,289756670.06,52041.47,45026.78
IDALIA_2023,13049,89.45263157894736,0.0,0.0,15.0,0.0,0.0,95.0,0.0,0.0,95.0,0.0,0.0,240.35000000000008,0.0,0.0,240.35000000000008,0.0,0.0,11398558.635000002,0.0,0.0
IDALIA_2023,13051,78.81175095001461,7.4186046511627906,18.5,15.0,2.0,2.0,3421.0,43.0,12.0,3421.0,43.0,12.0,8655.13,108.79000000000003,30.360000000000003,8655.13,108.79000000000003,30.360000000000003,739433065.485,1106439.925,883588.6749999998
IDALIA_2023,13103,83.07466063348416,0.0,0.0,15.0,0.0,0.0,1326.0,0.0,0.0,1326.0,0.0,0.0,3354.7800000000016,0.0,0.0,3354.7800000000016,0.0,0.0,213525819.93000004,0.0,0.0
IDALIA_2023,13127,83.328025477707,7.578947368421052,18.5,15.0,2.0,1.0,1727.0,19.0,7.0,1727.0,19.0,7.0,4369.310000000001,48.07000000000001,17.709999999999997,4369.310000000001,48.07000000000001,17.709999999999997,262948223.07499996,388431.51,260285.01
IDALIA_2023,13179,81.65987933634993,8.0,18.5,15.0,2.0,1.0,1989.0,4.0,1.0,1989.0,4.0,1.0,5032.17,10.12,2.53,5032.17,10.12,2.53,486569498.9549999,118143.6,118244.415
IDALIA_2023,13183,87.25778546712803,0.0,0.0,15.0,0.0,0.0,289.0,0.0,0.0,289.0,0.0,0.0,731.1700000000001,0.0,0.0,731.1700000000001,0.0,0.0,42474376.89,0.0,0.0
IDALIA_2023,13191,84.95951704545455,9.6,18.5,15.0,1.0,1.0,704.0,5.0,2.0,704.0,5.0,2.0,1781.12,12.65,5.06,1781.12,12.65,5.06,115366889.745,83749.52,101163.92
IDALIA_2023,13305,86.56258992805755,0.0,0.0,15.0,0.0,0.0,695.0,0.0,0.0,695.0,0.0,0.0,1758.35,0.0,0.0,1758.35,0.0,0.0,79265671.105,0.0,0.0
IDALIA_2023,45009,43.5,0.0,0.0,15.0,0.0,0.0,1.0,0.0,0.0,1.0,0.0,0.0,2.53,0.0,0.0,2.53,0.0,0.0,80123.085,0.0,0.0
IDALIA_2023,45013,78.3028682547399,9.670020120724343,18.465465465465467,15.0,3.0,3.0,4114.0,497.0,333.0,4114.0,497.0,333.0,10408.419999999993,1257.41,842.4900000000001,10408.419999999993,1257.41,842.4900000000001,844600902.9699999,14689939.569999997,17461559.280000005
IDALIA_2023,45015,78.9402500601106,10.216326530612244,18.381720430107528,15.0,2.0,2.0,4159.0,245.0,93.0,4159.0,245.0,93.0,10522.269999999988,619.85,235.29000000000005,10522.269999999988,619.85,235.29000000000005,681726174.0449998,9873681.245,5756460.4849999985
IDALIA_2023,45019,68.98712214682295,11.989425230156757,18.352640545144805,15.0,3.0,3.0,6484.0,4019.0,2935.0,6484.0,4019.0,2935.0,16404.51999999993,10168.069999999992,7425.550000000004,16404.51999999993,10168.069999999992,7425.550000000004,1278573368.0549998,174042544.08,187773294.675
IDALIA_2023,45027,100.0,0.0,0.0,15.0,0.0,0.0,1.0,0.0,0.0,1.0,0.0,0.0,2.53,0.0,0.0,2.53,0.0,0.0,76319.0,0.0,0.0
IDALIA_2023,45029,82.66061705989111,8.467455621301776,18.369718309859156,15.0,3.0,3.0,2204.0,169.0,142.0,2204.0,169.0,142.0,5576.12,427.57,359.2599999999999,5576.12,427.57,359.2599999999999,274876460.945,3687040.67,5822554.23
IDALIA_2023,45035,78.22502744237102,0.0,0.0,15.0,0.0,0.0,2733.0,0.0,0.0,2733.0,0.0,0.0,6914.4900000000025,0.0,0.0,6914.4900000000025,0.0,0.0,470420326.21,0.0,0.0
IDALIA_2023,45043,80.20758928571429,6.590909090909091,18.5,15.0,1.0,1.0,1568.0,11.0,5.0,1568.0,11.0,5.0,3967.0400000000022,27.830000000000005,12.65,3967.0400000000022,27.830000000000005,12.65,257320831.53499997,177477.72,235807.66
IDALIA_2023,45049,86.29585798816568,0.0,0.0,15.0,0.0,0.0,507.0,0.0,0.0,507.0,0.0,0.0,1282.7100000000005,0.0,0.0,1282.7100000000005,0.0,0.0,66200219.10499999,0.0,0.0
IDALIA_2023,45051,84.29900070126227,10.788461538461538,18.386363636363637,15.0,2.0,2.0,5704.0,26.0,22.0,5704.0,26.0,22.0,14431.119999999946,65.78000000000002,55.66000000000001,14431.119999999946,65.78000000000002,55.66000000000001,753258108.2650001,639548.2000000002,1338605.66
IDALIA_2023,45053,82.91255605381166,6.0,0.0,15.0,1.0,0.0,669.0,3.0,0.0,669.0,3.0,0.0,1692.5700000000004,7.59,0.0,1692.5700000000004,7.59,0.0,64708475.77,19413.9,0.0
IDALIA_2023,45067,77.87809917355372,0.0,0.0,15.0,0.0,0.0,242.0,0.0,0.0,242.0,0.0,0.0,612.26,0.0,0.0,612.26,0.0,0.0,29009672.25,0.0,0.0
IDALIA_2023,45089,83.52826475849731,0.0,0.0,15.0,0.0,0.0,2795.0,0.0,0.0,2795.0,0.0,0.0,7071.350000000002,0.0,0.0,7071.350000000002,0.0,0.0,269003833.465,0.0,0.0
IDA_2021,01003,81.74903557651093,6.5,0.0,15.0,1.0,0.0,4666.0,2.0,0.0,4666.0,2.0,0.0,11804.979999999976,5.06,0.0,11804.979999999976,5.06,0.0,762343987.5150001,25572.03,0.0
IDA_2021,01025,77.91071428571429,0.0,0.0,15.0,0.0,0.0,28.0,0.0,0.0,28.0,0.0,0.0,70.84000000000002,0.0,0.0,70.84000000000002,0.0,0.0,2300420.555,0.0,0.0
IDA_2021,01053,100.0,0.0,0.0,15.0,0.0,0.0,1.0,0.0,0.0,1.0,0.0,0.0,2.53,0.0,0.0,2.53,0.0,0.0,54051.0,0.0,0.0
IDA_2021,01097,82.9494119542452,10.982758620689657,18.44,15.0,1.0,2.0,6207.0,29.0,25.0,6207.0,29.0,25.0,15703.709999999934,73.37,63.250000000000014,15703.709999999934,73.37,63.250000000000014,970951677.09,878611.5750000001,1084347.88
IDA_2021,01099,42.5,0.0,0.0,15.0,0.0,0.0,1.0,0.0,0.0,1.0,0.0,0.0,2.53,0.0,0.0,2.53,0.0,0.0,55536.875,0.0,0.0
IDA_2021,01129,89.90128205128205,0.0,0.0,15.0,0.0,0.0,390.0,0.0,0.0,390.0,0.0,0.0,986.7,0.0,0.0,986.7,0.0,0.0,46375848.41,0.0,0.0
IDA_2021,22001,86.3400365630713,0.0,18.5,15.0,0.0,1.0,547.0,0.0,1.0,547.0,0.0,1.0,1383.9100000000003,0.0,2.53,1383.9100000000003,0.0,2.53,98927827.565,0.0,22564.635
IDA_2021,22003,86.64437689969606,0.0,0.0,15.0,0.0,0.0,329.0,0.0,0.0,329.0,0.0,0.0,832.3700000000001,0.0,0.0,832.3700000000001,0.0,0.0,68519071.53,0.0,0.0
IDA_2021,22005,80.74205933682373,9.255494505494504,18.40286624203822,15.0,3.0,3.0,2865.0,546.0,314.0,2865.0,546.0,314.0,7248.450000000001,1381.38,794.4199999999998,7248.450000000001,1381.38,794.4199999999998,431562268.25000006,15549004.330000004,12336337.295
IDA_2021,22007,83.31421800947868,8.322222222222223,18.28418803418803,15.0,2.0,2.0,1055.0,270.0,234.0,1055.0,270.0,234.0,2669.1499999999996,683.1,592.0199999999999,2669.1499999999996,683.1,592.0199999999999,104375100.13,5007899.710000001,7772087.959999999
IDA_2021,22011,84.81281407035176,0.0,0.0,15.0,0.0,0.0,398.0,0.0,0.0,398.0,0.0,0.0,1006.94,0.0,0.0,1006.94,0.0,0.0,46682617.26499999,0.0,0.0
IDA_2021,22019,82.34217171717172,5.75,18.5,15.0,1.0,1.0,1980.0,2.0,4.0,1980.0,2.0,4.0,5009.4000000000015,5.06,10.12,5009.4000000000015,5.06,10.12,365228645.1049998,20615.5,101199.255
IDA_2021,22023,92.482,7.230769230769231,18.5,15.0,1.0,1.0,500.0,13.0,9.0,500.0,13.0,9.0,1265.0000000000002,32.89,22.77,1265.0000000000002,32.89,22.77,66655647.80499999,185782.21,254542.79500000004
IDA_2021,22033,89.23244473342002,0.0,0.0,15.0,0.0,0.0,3076.0,0.0,0.0,3076.0,0.0,0.0,7782.280000000003,0.0,0.0,7782.280000000003,0.0,0.0,568372231.0799999,0.0,0.0
IDA_2021,22039,82.19592476489028,0.0,0.0,15.0,0.0,0.0,319.0,0.0,0.0,319.0,0.0,0.0,807.07,0.0,0.0,807.07,0.0,0.0,44982905.970000006,0.0,0.0
IDA_2021,22045,87.47269624573379,0.0,0.0,15.0,0.0,0.0,293.0,0.0,0.0,293.0,0.0,0.0,741.2900000000001,0.0,0.0,741.2900000000001,0.0,0.0,50320309.114999995,0.0,0.0
IDA_2021,22047,80.88922155688623,8.5,18.5,15.0,1.0,1.0,835.0,7.0,3.0,835.0,7.0,3.0,2112.55,17.709999999999997,7.59,2112.55,17.709999999999997,7.59,124215736.285,251491.645,141304.295
IDA_2021,22051,74.77338129496403,80.47098648589163,17.83606557377049,15.0,7.0,3.0,1112.0,113585.0,122.0,1112.0,108363.0,122.0,2813.3600000000006,287370.04999999126,308.65999999999997,2813.3600000000006,274158.38999999233,308.65999999999997,166621786.56999993,19081873023.084995,7563350.789999999
IDA_2021,22053,86.82666666666667,8.75,0.0,15.0,1.0,0.0,150.0,2.0,0.0,150.0,2.0,0.0,379.49999999999994,5.06,0.0,379.49999999999994,5.06,0.0,33461784.94,23697.82,0.0
IDA_2021,22055,88.51362862010221,0.0,0.0,15.0,0.0,0.0,587.0,0.0,0.0,587.0,0.0,0.0,1485.11,0.0,0.0,1485.11,0.0,0.0,109412095.115,0.0,0.0
IDA_2021,22057,69.3318954248366,60.98000621568424,18.477453027139873,15.0,7.0,3.0,7650.0,9653.0,2395.0,7650.0,7329.0,2395.0,19354.49999999989,24422.089999999833,6059.350000000002,19354.49999999989,18542.369999999908,6059.350000000002,635206696.225,818348825.9650003,85384791.39
IDA_2021,22063,82.28643873711762,18.18615751789976,17.9890625,15.0,4.0,3.0,6113.0,419.0,320.0,6113.0,419.0,320.0,15465.889999999932,1060.07,809.5999999999999,15465.889999999932,1060.07,809.5999999999999,858776356.0099999,19755537.260000005,17978379.724999998
IDA_2021,22071,83.53879310344827,76.48554578020305,18.554347826086957,15.0,7.0,2.0,116.0,107754.0,46.0,116.0,102653.0,46.0,293.47999999999996,272617.61999999254,116.38000000000004,293.47999999999996,259712.08999999383,116.38000000000004,18637035.54,17705887608.534996,2405805.6699999995
IDA_2021,22075,76.92021276595744,85.97755249818972,19.125,15.0,7.0,3.0,282.0,6905.0,16.0,282.0,6904.0,16.0,713.4599999999999,17469.64999999991,40.48,713.4599999999999,17467.11999999991,40.48,29176808.505,1166153614.755,625431.81
IDA_2021,22077,88.77175843694494,0.0,0.0,15.0,0.0,0.0,563.0,0.0,0.0,563.0,0.0,0.0,1424.3900000000003,0.0,0.0,1424.3900000000003,0.0,0.0,79264291.66499996,0.0,0.0
IDA_2021,22087,65.34,77.85005886834269,17.23,15.0,7.0,3.0,175.0,14439.0,50.0,175.0,14439.0,50.0,442.74999999999983,36530.66999999972,126.50000000000004,442.74999999999983,36530.66999999972,126.50000000000004,18756339.679999996,2111343222.11,1913453.46
IDA_2021,22089,63.62144420131291,80.79190998433272,18.620991253644316,15.0,7.0,3.0,1828.0,14042.0,343.0,1828.0,14042.0,343.0,4624.84,35526.25999999973,867.7900000000001,4624.84,35526.25999999973,867.7900000000001,209561751.44499996,2659251945.9449997,14173564.650000002
IDA_2021,22093,63.55985489721886,9.410869565217393,18.420895522388054,15.0,3.0,3.0,827.0,230.0,335.0,827.0,230.0,335.0,2092.3100000000004,581.8999999999999,847.55,2092.3100000000004,581.8999999999999,847.55,128723052.20499998,5235370.015,20277351.609999996
IDA_2021,22095,54.35521356783919,9.582953349701858,18.404329235702832,15.0,3.0,3.0,1592.0,2851.0,1871.0,1592.0,2851.0,1871.0,4027.760000000001,7213.03,4733.630000000001,4027.760000000001,7213.03,4733.630000000001,161499816.79999998,95427886.29999998,81306327.925
IDA_2021,22097,88.80530530530531,0.0,0.0,15.0,0.0,0.0,999.0,0.0,0.0,999.0,0.0,0.0,2527.4700000000003,0.0,0.0,2527.4700000000003,0.0,0.0,136406753.34999996,0.0,0.0
IDA_2021,22099,90.79292493528904,7.669117647058823,18.392857142857142,15.0,2.0,2.0,1159.0,68.0,56.0,1159.0,68.0,56.0,2932.270000000001,172.04000000000005,141.68000000000004,2932.270000000001,172.04000000000005,141.68000000000004,137481585.67999998,810442.2850000003,1830180.985
IDA_2021,22101,82.35452961672473,82.56832243238466,18.264900662251655,15.0,7.0,2.0,574.0,11314.0,151.0,574.0,11314.0,151.0,1452.2199999999998,28624.41999999979,382.0299999999999,1452.2199999999998,28624.41999999979,382.0299999999999,110436785.21999995,2305618893.27,7158347.419999999
IDA_2021,22103,86.44340336929774,8.29719387755102,18.452272727272728,15.0,3.0,3.0,5283.0,392.0,440.0,5283.0,392.0,440.0,13365.989999999958,991.76,1113.1999999999998,13365.989999999958,991.76,1113.1999999999998,803638303.9649999,7844714.880000002,22012822.595000003
IDA_2021,22105,80.89081779053085,16.662650602409638,18.31989247311828,15.0,4.0,3.0,3485.0,166.0,186.0,3485.0,166.0,186.0,8817.050000000001,419.9799999999999,470.5799999999999,8817.050000000001,419.9799999999999,470.5799999999999,515411391.535,6905325.610000001,7580082.055000002
IDA_2021,22109,65.25925571606237,9.735329444063144,18.427402700556,15.0,4.0,3.0,10453.0,5828.0,6295.0,10453.0,5828.0,6295.0,26446.08999999982,14744.839999999946,15926.349999999926,26446.08999999982,14744.839999999946,15926.349999999926,1008444277.745,193552541.455,324739054.9849999
IDA_2021,22113,84.11690647482014,3.75,15.5,15.0,1.0,1.0,278.0,6.0,1.0,278.0,6.0,1.0,703.3399999999999,15.179999999999998,2.53,703.3399999999999,15.179999999999998,2.53,47174254.67,51678.31999999999,21115.185
IDA_2021,22117,100.0,0.0,0.0,15.0,0.0,0.0,1.0,0.0,0.0,1.0,0.0,0.0,2.53,0.0,0.0,2.53,0.0,0.0,90543.0,0.0,0.0
IDA_2021,22121,92.6508120649652,0.0,0.0,15.0,0.0,0.0,431.0,0.0,0.0,431.0,0.0,0.0,1090.43,0.0,0.0,1090.43,0.0,0.0,85863332.46,0.0,0.0
IDA_2021,28039,84.1636798088411,0.0,0.0,15.0,0.0,0.0,837.0,0.0,0.0,837.0,0.0,0.0,2117.61,0.0,0.0,2117.61,0.0,0.0,96171370.63499998,0.0,0.0
IDA_2021,28041,100.0,0.0,0.0,15.0,0.0,0.0,1.0,0.0,0.0,1.0,0.0,0.0,2.53,0.0,0.0,2.53,0.0,0.0,36667.0,0.0,0.0
IDA_2021,28045,82.94601128122481,9.894736842105264,18.155172413793103,15.0,3.0,3.0,1241.0,76.0,58.0,1241.0,76.0,58.0,3139.730000000002,192.2800000000001,146.74000000000004,3139.730000000002,192.2800000000001,146.74000000000004,190300733.015,1456166.8950000005,2404202.125
IDA_2021,28047,83.57232401157184,8.22463768115942,18.31122448979592,15.0,2.0,3.0,3111.0,207.0,98.0,3111.0,207.0,98.0,7870.830000000002,523.7099999999999,247.94000000000008,7870.830000000002,523.7099999999999,247.94000000000008,459880396.9699999,3957641.4100000006,4020143.01
IDA_2021,28059,85.49276485788114,8.086206896551724,18.392857142857142,15.0,2.0,2.0,3870.0,29.0,28.0,3870.0,29.0,28.0,9791.099999999997,73.37000000000002,70.84,9791.099999999997,73.37000000000002,70.84,548555466.6999998,560879.13,1125949.525
IDA_2021,28109,81.63140604467806,0.0,0.0,15.0,0.0,0.0,2283.0,0.0,0.0,2283.0,0.0,0.0,5775.990000000003,0.0,0.0,5775.990000000003,0.0,0.0,285753929.63499993,0.0,0.0
IDA_2021,48351,74.75,0.0,0.0,15.0,0.0,0.0,2.0,0.0,0.0,2.0,0.0,0.0,5.06,0.0,0.0,5.06,0.0,0.0,754722.78,0.0,0.0
MICHAEL_2018,13029,74.35766423357664,0.0,0.0,15.0,0.0,0.0,137.0,0.0,0.0,137.0,0.0,0.0,346.61,0.0,0.0,346.61,0.0,0.0,39412071.3,0.0,0.0
MICHAEL_2018,13051,78.78018575851394,7.9,18.5,15.0,2.0,1.0,646.0,10.0,4.0,646.0,10.0,4.0,1634.3800000000003,25.3,10.12,1634.3800000000003,25.3,10.12,154045588.87000003,156933.76,148194.805
MILTON_2024,12005,85.90761129727142,0.0,0.0,15.0,0.0,0.0,2089.0,0.0,0.0,2089.0,0.0,0.0,5285.170000000002,0.0,0.0,5285.170000000002,0.0,0.0,287154119.81499994,0.0,0.0
MILTON_2024,12009,81.03656076651538,9.292682926829269,18.48469387755102,15.0,2.0,2.0,11898.0,41.0,98.0,11898.0,41.0,98.0,30101.93999999977,103.73000000000005,247.94000000000003,30101.93999999977,103.73000000000005,247.94000000000003,2542295404.6549997,1202021.68,4422166.74
MILTON_2024,12011,81.43736744432661,7.142857142857143,18.5,15.0,1.0,1.0,7544.0,7.0,6.0,7544.0,7.0,6.0,19086.319999999894,17.709999999999997,15.18,19086.319999999894,17.709999999999997,15.18,1408144332.7150002,67856.795,295524.365
MILTON_2024,12013,84.91609589041096,0.0,0.0,15.0,0.0,0.0,292.0,0.0,0.0,292.0,0.0,0.0,738.7599999999998,0.0,0.0,738.7599999999998,0.0,0.0,38752360.63,0.0,0.0
MILTON_2024,12015,66.51203369434417,9.837311416347667,18.45123576447783,15.0,4.0,3.0,10803.0,4441.0,8254.0,10803.0,4428.0,8254.0,27331.589999999807,11235.72999999998,20882.619999999883,27331.589999999807,11202.839999999982,20882.619999999883,1322688823.3200002,108029388.03000005,347707605.6199999
MILTON_2024,12017,88.37179080824089,9.926470588235292,18.054054054054053,15.0,1.0,2.0,3155.0,34.0,37.0,3155.0,34.0,37.0,7982.150000000001,86.02000000000002,93.61000000000004,7982.150000000001,86.02000000000002,93.61000000000004,374095309.2099999,993230.645,3173330.8250000007
MILTON_2024,12019,86.12439024390244,0.0,0.0,15.0,0.0,0.0,1435.0,0.0,0.0,1435.0,0.0,0.0,3630.5500000000015,0.0,0.0,3630.5500000000015,0.0,0.0,228968238.085,0.0,0.0
MILTON_2024,12021,85.16037324496381,8.87621359223301,18.303030303030305,15.0,2.0,2.0,11467.0,206.0,99.0,11467.0,206.0,99.0,29011.509999999787,521.1799999999998,250.47000000000008,29011.509999999787,521.1799999999998,250.47000000000008,2524666204.495001,3800543.4499999983,3562231.5499999993
MILTON_2024,12027,85.80961115187087,11.0,18.733333333333334,15.0,3.0,3.0,1363.0,12.0,15.0,1363.0,12.0,15.0,3448.3900000000003,30.36,37.95,3448.3900000000003,30.36,37.95,214494144.0599999,225134.94,372954.2400000001
MILTON_2024,12029,88.89850427350427,0.0,0.0,15.0,0.0,0.0,468.0,0.0,0.0,468.0,0.0,0.0,1184.0400000000004,0.0,0.0,1184.0400000000004,0.0,0.0,38647799.695000015,0.0,0.0
MILTON_2024,12031,82.88737170087977,8.533333333333333,18.0,15.0,1.0,1.0,5456.0,15.0,6.0,5456.0,15.0,6.0,13803.67999999995,37.95,15.179999999999998,13803.67999999995,37.95,15.179999999999998,1088596180.0900002,340094.07000000007,318316.725
MILTON_2024,12033,85.96539485359361,0.0,0.0,15.0,0.0,0.0,1127.0,0.0,0.0,1127.0,0.0,0.0,2851.310000000001,0.0,0.0,2851.310000000001,0.0,0.0,165541590.48000002,0.0,0.0
MILTON_2024,12035,86.52269399707174,6.724299065420561,18.5,15.0,2.0,2.0,683.0,107.0,86.0,683.0,107.0,86.0,1727.9900000000002,270.71000000000004,217.58000000000007,1727.9900000000002,270.71000000000004,217.58000000000007,119681250.34999998,1412128.565,2664356.31
MILTON_2024,12037,85.43438320209974,2.5,0.0,15.0,1.0,0.0,762.0,1.0,0.0,762.0,1.0,0.0,1927.8600000000004,2.53,0.0,1927.8600000000004,2.53,0.0,77729149.655,8029.925,0.0
MILTON_2024,12041,85.51528384279476,0.0,0.0,15.0,0.0,0.0,229.0,0.0,0.0,229.0,0.0,0.0,579.3699999999999,0.0,0.0,579.3699999999999,0.0,0.0,21283215.56,0.0,0.0
MILTON_2024,12045,85.68400520156047,0.0,0.0,15.0,0.0,0.0,769.0,0.0,0.0,769.0,0.0,0.0,1945.5700000000008,0.0,0.0,1945.5700000000008,0.0,0.0,72966976.435,0.0,0.0
MILTON_2024,12049,88.45205479452055,0.0,0.0,15.0,0.0,0.0,511.0,0.0,0.0,511.0,0.0,0.0,1292.83,0.0,0.0,1292.83,0.0,0.0,66458896.03500001,0.0,0.0
MILTON_2024,12051,90.18432769367764,0.0,0.0,15.0,0.0,0.0,1123.0,0.0,0.0,1123.0,0.0,0.0,2841.19,0.0,0.0,2841.19,0.0,0.0,168027236.95499995,0.0,0.0
MILTON_2024,12053,87.34263618022865,7.527777777777778,18.35,15.0,1.0,2.0,1487.0,18.0,10.0,1487.0,18.0,10.0,3762.11,45.540000000000006,25.3,3762.11,45.540000000000006,25.3,221744685.765,161464.275,218439.505
MILTON_2024,12057,84.1207944659889,8.541666666666666,17.0,15.0,1.0,1.0,19082.0,12.0,8.0,19082.0,12.0,8.0,48277.4599999996,30.360000000000007,20.24,48277.4599999996,30.360000000000007,20.24,3575472060.8050003,187204.925,328430.51499999996
MILTON_2024,12061,85.61078006500541,8.318181818181818,18.5,15.0,1.0,1.0,3692.0,11.0,4.0,3692.0,11.0,4.0,9340.759999999998,27.83,10.12,9340.759999999998,27.83,10.12,678216918.9249998,203609.28500000003,133551.705
MILTON_2024,12065,78.83792048929664,0.0,0.0,15.0,0.0,0.0,327.0,0.0,0.0,327.0,0.0,0.0,827.3099999999997,0.0,0.0,827.3099999999997,0.0,0.0,40172521.47,0.0,0.0
MILTON_2024,12067,86.93153526970954,0.0,0.0,15.0,0.0,0.0,241.0,0.0,0.0,241.0,0.0,0.0,609.73,0.0,0.0,609.73,0.0,0.0,22584324.354999997,0.0,0.0
MILTON_2024,12069,79.07894736842105,9.233333333333333,18.238095238095237,2.0,2.0,2.0,285.0,120.0,105.0,285.0,120.0,105.0,721.0500000000001,303.6,265.65000000000003,721.0500000000001,303.6,265.65000000000003,14725351.25,1758104.65,2552409.6550000003
MILTON_2024,12071,85.26925912274235,8.177072671443193,18.34581005586592,15.0,3.0,3.0,10852.0,977.0,895.0,10852.0,977.0,895.0,27455.559999999805,2471.810000000001,2264.35,27455.559999999805,2471.810000000001,2264.35,1979325199.4249997,17922989.595,32994346.055000003
MILTON_2024,12073,83.73743315508021,0.0,0.0,15.0,0.0,0.0,1870.0,0.0,0.0,1870.0,0.0,0.0,4731.100000000001,0.0,0.0,4731.100000000001,0.0,0.0,259509277.475,0.0,0.0
MILTON_2024,12075,87.19368131868131,6.0,0.0,15.0,1.0,0.0,364.0,1.0,0.0,364.0,1.0,0.0,920.92,2.53,0.0,920.92,2.53,0.0,33042690.015,7211.639999999999,0.0
MILTON_2024,12077,86.77835051546391,0.0,0.0,15.0,0.0,0.0,194.0,0.0,0.0,194.0,0.0,0.0,490.82,0.0,0.0,490.82,0.0,0.0,19483283.135,0.0,0.0
MILTON_2024,12079,86.7279411764706,0.0,0.0,15.0,0.0,0.0,68.0,0.0,0.0,68.0,0.0,0.0,172.04000000000002,0.0,0.0,172.04000000000002,0.0,0.0,6601824.9,0.0,0.0
MILTON_2024,12081,88.31390527826503,7.469458987783595,18.251540041067763,15.0,2.0,2.0,6271.0,573.0,487.0,6271.0,573.0,487.0,15865.62999999993,1449.6900000000005,1232.11,15865.62999999993,1449.6900000000005,1232.11,1413783540.65,11853116.715,29418284.195
MILTON_2024,12083,82.88392857142857,0.0,0.0,15.0,0.0,0.0,56.0,0.0,0.0,56.0,0.0,0.0,141.68000000000004,0.0,0.0,141.68000000000004,0.0,0.0,6912629.429999998,0.0,0.0
MILTON_2024,12085,85.52098047361861,7.571428571428571,18.5,15.0,1.0,1.0,2407.0,21.0,3.0,2407.0,21.0,3.0,6089.710000000001,53.13000000000001,7.59,6089.710000000001,53.13000000000001,7.59,529821238.12,452502.13000000006,269803.07499999995
MILTON_2024,12086,81.72897897897897,0.0,0.0,15.0,0.0,0.0,5328.0,0.0,0.0,5328.0,0.0,0.0,13479.839999999956,0.0,0.0,13479.839999999956,0.0,0.0,1412607232.91,0.0,0.0
MILTON_2024,12087,75.6406411582213,9.295774647887324,18.5,15.0,1.0,1.0,1934.0,71.0,28.0,1934.0,71.0,28.0,4893.020000000001,179.63000000000005,70.84000000000002,4893.020000000001,179.63000000000005,70.84000000000002,395230446.3349999,1598566.5550000002,982184.98
MILTON_2024,12089,85.61282932416952,5.833333333333333,18.5,15.0,1.0,2.0,873.0,6.0,8.0,873.0,6.0,8.0,2208.69,15.179999999999998,20.24,2208.69,15.179999999999998,20.24,123130331.20000003,70773.355,294271.73000000004
MILTON_2024,12091,79.95967741935483,0.0,0.0,15.0,0.0,0.0,744.0,0.0,0.0,744.0,0.0,0.0,1882.32,0.0,0.0,1882.32,0.0,0.0,126121271.035,0.0,0.0
MILTON_2024,12099,82.58565090358186,6.722222222222222,18.333333333333332,15.0,1.0,1.0,9241.0,9.0,18.0,9241.0,9.0,18.0,23379.729999999858,22.769999999999996,45.54000000000001,23379.729999999858,22.769999999999996,45.54000000000001,2088702795.3850005,211126.355,779373.8549999999
MILTON_2024,12101,84.97474329248095,7.015151515151516,18.366666666666667,15.0,2.0,2.0,6038.0,66.0,90.0,6038.0,66.0,90.0,15276.139999999936,166.98000000000005,227.70000000000007,15276.139999999936,166.98000000000005,227.70000000000007,1547001712.56,754094.475,2851238.100000001
MILTON_2024,12103,80.50585508660649,12.258620689655173,18.310344827586206,15.0,2.0,2.0,4099.0,29.0,29.0,4099.0,29.0,29.0,10370.46999999999,73.37000000000002,73.37,10370.46999999999,73.37000000000002,73.37,778421629.0600001,1097772.215,1343276.5599999998
MILTON_2024,12107,84.7683923705722,9.263157894736842,18.5,15.0,2.0,2.0,734.0,38.0,13.0,734.0,38.0,13.0,1857.02,96.14000000000004,32.89,1857.02,96.14000000000004,32.89,69259152.96499999,638401.13,365756.285
MILTON_2024,12109,81.58407557354926,11.211764705882352,18.333333333333332,15.0,2.0,3.0,3705.0,85.0,75.0,3705.0,85.0,75.0,9373.649999999996,215.05000000000007,189.75000000000009,9373.649999999996,215.05000000000007,189.75000000000009,829266051.7600001,3073299.4700000007,3959008.990000001
MILTON_2024,12111,84.36769947902386,13.318181818181818,18.5,15.0,1.0,1.0,3647.0,11.0,22.0,3647.0,11.0,22.0,9226.91,27.83,55.66000000000001,9226.91,27.83,55.66000000000001,645706614.1750001,293817.69,632565.505
MILTON_2024,12113,87.37242268041237,0.0,0.0,15.0,0.0,0.0,1940.0,0.0,0.0,1940.0,0.0,0.0,4908.200000000001,0.0,0.0,4908.200000000001,0.0,0.0,343302296.75,0.0,0.0
MILTON_2024,12115,71.46021015996251,21.81149245969839,18.469198088157196,15.0,4.0,3.0,14941.0,1923.0,3766.0,14941.0,1888.0,3766.0,37800.72999999969,4865.190000000002,9527.979999999998,37800.72999999969,4776.640000000003,9527.979999999998,2421369954.3150005,79398577.69,166887978.10999998
MILTON_2024,12121,88.9077253218884,0.0,0.0,15.0,0.0,0.0,233.0,0.0,0.0,233.0,0.0,0.0,589.49,0.0,0.0,589.49,0.0,0.0,21931236.654999997,0.0,0.0
MILTON_2024,12123,89.87556561085972,0.0,0.0,15.0,0.0,0.0,442.0,0.0,0.0,442.0,0.0,0.0,1118.26,0.0,0.0,1118.26,0.0,0.0,41445174.135,0.0,0.0
MILTON_2024,12127,82.84729981378027,10.134808853118711,18.23093220338983,15.0,2.0,3.0,1611.0,497.0,708.0,1611.0,497.0,708.0,4075.8300000000017,1257.41,1791.2400000000002,4075.8300000000017,1257.41,1791.2400000000002,274953809.635,11526421.1,26079006.815
MILTON_2024,12129,86.1814024390244,0.0,0.0,15.0,0.0,0.0,656.0,0.0,0.0,656.0,0.0,0.0,1659.68,0.0,0.0,1659.68,0.0,0.0,77038877.655,0.0,0.0
MILTON_2024,12131,80.90676056338029,0.0,0.0,15.0,0.0,0.0,1775.0,0.0,0.0,1775.0,0.0,0.0,4490.75,0.0,0.0,4490.75,0.0,0.0,233088802.34,0.0,0.0
MILTON_2024,12133,81.55575539568345,0.0,0.0,15.0,0.0,0.0,556.0,0.0,0.0,556.0,0.0,0.0,1406.6800000000003,0.0,0.0,1406.6800000000003,0.0,0.0,48855796.68999999,0.0,0.0
