event,county_fips5,intensity_zone,n_buildings_affected,pop_affected,n_buildings_impacted,pop_impacted,avg_damage_pct,max_surge_ft,total_loss_usd
BERYL_2024,22019,HIGH,11,27.830000000000002,11,27.830000000000002,100.0,15.0,863817.0
BERYL_2024,48007,HIGH,786,1988.5800000000008,786,1988.5800000000008,90.92620865139949,15.0,8.630886273499998E7
BERYL_2024,48039,HIGH,5372,13591.159999999954,5372,13591.159999999954,89.63914743112434,15.0,9.039458312800001E8
BERYL_2024,48039,LOW,13986,35384.57999999972,13751,34790.02999999973,85.1921921921922,7.0,2.333419893589999E9
BERYL_2024,48039,MEDIUM,72,182.16000000000005,72,182.16000000000005,18.479166666666668,3.0,2063871.5850000002
BERYL_2024,48057,HIGH,471,1191.63,471,1191.63,92.76433121019109,15.0,4.725059940499999E7
BERYL_2024,48061,HIGH,372,941.1599999999999,372,941.1599999999999,89.05510752688173,15.0,5.77733329E7
BERYL_2024,48061,MEDIUM,1,2.53,1,2.53,18.5,2.0,16707.165
BERYL_2024,48071,HIGH,1051,2659.0300000000007,1051,2659.0300000000007,80.4291151284491,15.0,1.8180168164500004E8
BERYL_2024,48071,LOW,43,108.79000000000002,43,108.79000000000002,8.023255813953488,2.0,787316.295
BERYL_2024,48071,MEDIUM,15,37.95,15,37.95,18.5,2.0,371730.67500000005
BERYL_2024,48167,HIGH,3094,7827.820000000003,3094,7827.820000000003,85.07708468002586,15.0,6.133955305100001E8
BERYL_2024,48167,LOW,14513,36717.88999999971,11242,28442.259999999795,70.6354303038655,7.0,1.605777433675E9
BERYL_2024,48167,MEDIUM,106,268.18000000000006,106,268.18000000000006,18.36320754716981,3.0,5093878.199999999
BERYL_2024,48199,HIGH,2047,5178.910000000002,2047,5178.910000000002,74.3009281875916,15.0,3.2889405561500007E8
BERYL_2024,48201,HIGH,6715,16988.949999999917,6715,16988.949999999917,80.84944154877141,15.0,1.434461103175E9
BERYL_2024,48201,LOW,102,258.06000000000006,102,258.06000000000006,11.75,2.0,3315613.185
BERYL_2024,48201,MEDIUM,52,131.56000000000003,52,131.56000000000003,17.807692307692307,3.0,2117603.2750000004
BERYL_2024,48239,HIGH,95,240.35000000000005,95,240.35000000000005,68.35263157894737,15.0,1.2766809460000003E7
BERYL_2024,48241,HIGH,315,796.9499999999999,315,796.9499999999999,86.05396825396825,15.0,3.738684846500001E7
BERYL_2024,48245,HIGH,1311,3316.83,1311,3316.83,92.81464530892448,15.0,2.0154177863999996E8
BERYL_2024,48245,LOW,31592,79927.75999999979,21296,53878.879999999546,62.18188148898455,7.0,3.2651721393349986E9
BERYL_2024,48245,MEDIUM,24,60.72000000000001,24,60.72000000000001,18.1875,2.0,581302.3899999999
BERYL_2024,48261,HIGH,3,7.59,3,7.59,61.666666666666664,15.0,119729.45
BERYL_2024,48273,HIGH,49,123.97000000000004,49,123.97000000000004,91.87755102040816,15.0,7728720.870000001
BERYL_2024,48291,HIGH,4039,10218.669999999991,4039,10218.669999999991,92.32792770487744,15.0,4.230539644399998E8
BERYL_2024,48321,HIGH,1135,2871.5500000000015,1135,2871.5500000000015,77.12114537444934,15.0,7.555518921500002E7
BERYL_2024,48321,LOW,610,1543.3000000000006,610,1543.3000000000006,63.761475409836066,7.0,3.834659752E7
BERYL_2024,48321,MEDIUM,322,814.66,322,814.66,18.402173913043477,3.0,4782645.835
BERYL_2024,48351,HIGH,559,1414.2699999999998,559,1414.2699999999998,91.88014311270125,15.0,4.973426217500001E7
BERYL_2024,48355,HIGH,284,718.5199999999999,284,718.5199999999999,90.93838028169014,15.0,5.3401226745000005E7
BERYL_2024,48361,HIGH,4245,10739.849999999988,4245,10739.849999999988,91.613074204947,15.0,6.149358517950001E8
BERYL_2024,48361,LOW,11,27.830000000000002,11,27.830000000000002,7.363636363636363,1.0,154491.56499999997
BERYL_2024,48391,HIGH,50,126.50000000000003,50,126.50000000000003,74.85,15.0,6855467.955
BERYL_2024,48409,HIGH,156,394.67999999999984,156,394.67999999999984,90.5576923076923,15.0,2.1268226325000003E7
BERYL_2024,48469,HIGH,47,118.91000000000004,47,118.91000000000004,89.67021276595744,15.0,5414701.47
BERYL_2024,48489,HIGH,7,17.709999999999997,7,17.709999999999997,75.64285714285714,15.0,725482.735
DEBBY_2024,12019,HIGH,1435,3630.5500000000006,1435,3630.5500000000006,86.12439024390244,15.0,2.2896823808499998E8
DEBBY_2024,12031,HIGH,5455,13801.149999999956,5455,13801.149999999956,82.88423464711273,15.0,1.08835977909E9
DEBBY_2024,12031,LOW,3,7.59,3,7.59,10.0,1.0,91816.48
DEBBY_2024,12031,MEDIUM,1,2.53,1,2.53,18.5,1.0,176642.30000000002
DEBBY_2024,12035,HIGH,636,1609.0800000000006,636,1609.0800000000006,87.90487421383648,15.0,1.1707430897500002E8
DEBBY_2024,12035,LOW,4,10.12,4,10.12,7.125,1.0,50159.145000000004
DEBBY_2024,12035,MEDIUM,1,2.53,1,2.53,18.5,1.0,20817.495
DEBBY_2024,12069,HIGH,17,43.010000000000005,17,43.010000000000005,75.0,1.0,672674.25
DEBBY_2024,12069,LOW,7,17.709999999999997,7,17.709999999999997,8.142857142857142,1.0,84660.56
DEBBY_2024,12069,MEDIUM,4,10.12,4,10.12,18.5,1.0,96015.37000000001
DEBBY_2024,12089,HIGH,872,2206.16,872,2206.16,85.66800458715596,15.0,1.2304612419999999E8
DEBBY_2024,12089,LOW,2,5.06,2,5.06,5.75,1.0,21267.4
DEBBY_2024,12089,MEDIUM,1,2.53,1,2.53,18.5,1.0,41542.12
DEBBY_2024,12107,HIGH,668,1690.0400000000004,668,1690.0400000000004,85.69610778443113,15.0,6.608924734E7
DEBBY_2024,12107,LOW,1,2.53,1,2.53,2.5,1.0,10465.825
DEBBY_2024,12109,HIGH,3680,9310.400000000001,3680,9310.400000000001,81.70013586956522,15.0,8.278137247599999E8
DEBBY_2024,12109,LOW,4,10.12,4,10.12,10.0,2.0,232599.5
DEBBY_2024,12109,MEDIUM,4,10.12,4,10.12,18.25,2.0,619185.73
DEBBY_2024,12127,HIGH,976,2469.28,976,2469.28,85.30430327868852,15.0,2.0178864568999997E8
DEBBY_2024,12127,LOW,6,15.179999999999998,6,15.179999999999998,11.833333333333334,1.0,76541.41
DEBBY_2024,12127,MEDIUM,11,27.83,11,27.83,16.863636363636363,1.0,202450.24000000002
DEBBY_2024,13025,HIGH,502,1270.0600000000004,502,1270.0600000000004,87.71513944223108,15.0,5.847038949499999E7
DEBBY_2024,13029,HIGH,977,2471.8100000000013,977,2471.8100000000013,79.22006141248721,15.0,1.7813819219E8
DEBBY_2024,13039,HIGH,1529,3868.370000000001,1529,3868.370000000001,84.43590582079791,15.0,2.8971785980999994E8
DEBBY_2024,13049,HIGH,95,240.35000000000008,95,240.35000000000008,89.45263157894736,15.0,1.1398558635000002E7
DEBBY_2024,13051,HIGH,3420,8652.600000000002,3420,8652.600000000002,78.82383040935673,15.0,7.3922676486E8
DEBBY_2024,13051,LOW,5,12.649999999999999,5,12.649999999999999,6.9,2.0,139972.04499999998
DEBBY_2024,13051,MEDIUM,2,5.06,2,5.06,18.5,1.0,164511.25
DEBBY_2024,13103,HIGH,1326,3354.7800000000007,1326,3354.7800000000007,83.07466063348416,15.0,2.1352581992999992E8
DEBBY_2024,13127,HIGH,1726,4366.780000000002,1726,4366.780000000002,83.33285052143685,15.0,2.6286103857500002E8
DEBBY_2024,13127,LOW,2,5.06,2,5.06,6.25,2.0,25144.095
DEBBY_2024,13179,HIGH,1989,5032.170000000003,1989,5032.170000000003,81.65987933634993,15.0,4.865694989550001E8
DEBBY_2024,13179,LOW,3,7.59,3,7.59,7.0,2.0,51160.105
DEBBY_2024,13179,MEDIUM,1,2.53,1,2.53,18.5,1.0,20417.34
DEBBY_2024,13183,HIGH,289,731.1699999999998,289,731.1699999999998,87.25778546712803,15.0,4.247437689E7
DEBBY_2024,13191,HIGH,704,1781.1200000000003,704,1781.1200000000003,84.95951704545455,15.0,1.15366889745E8
DEBBY_2024,13305,HIGH,695,1758.3500000000001,695,1758.3500000000001,86.56258992805755,15.0,7.9265671105E7
DEBBY_2024,37013,HIGH,1986,5024.580000000001,1986,5024.580000000001,80.50025176233635,15.0,1.9768323289499998E8
DEBBY_2024,37013,LOW,549,1388.9699999999998,549,1388.9699999999998,9.156648451730419,3.0,9095580.66
DEBBY_2024,37013,MEDIUM,523,1323.1900000000003,523,1323.1900000000003,18.415869980879542,3.0,1.6145946950000003E7
DEBBY_2024,37015,HIGH,440,1113.2,440,1113.2,85.45227272727273,15.0,4.550008104E7
DEBBY_2024,37017,HIGH,130,328.89999999999986,130,328.89999999999986,77.43076923076923,15.0,1.3564835334999997E7
DEBBY_2024,37019,HIGH,2996,7579.880000000002,2996,7579.880000000002,79.93157543391189,15.0,4.162032334250001E8
DEBBY_2024,37019,LOW,74,187.22000000000006,74,187.22000000000006,8.358108108108109,3.0,1542721.3499999999
DEBBY_2024,37019,MEDIUM,44,111.32000000000002,44,111.32000000000002,18.022727272727273,2.0,1626361.6049999997
DEBBY_2024,37029,HIGH,358,905.7400000000001,358,905.7400000000001,90.64385474860335,15.0,4.7118776650000006E7
DEBBY_2024,37029,LOW,47,118.91000000000003,47,118.91000000000003,6.75531914893617,2.0,613481.3700000001
DEBBY_2024,37029,MEDIUM,3,7.59,3,7.59,18.5,2.0,117930.655
DEBBY_2024,37031,HIGH,1596,4037.8800000000006,1596,4037.8800000000006,82.52005012531329,15.0,1.85696415005E8
DEBBY_2024,37031,LOW,321,812.1299999999998,321,812.1299999999998,7.900311526479751,2.0,4680040.600000001
DEBBY_2024,37031,MEDIUM,91,230.23000000000005,91,230.23000000000005,18.25824175824176,2.0,3003921.3449999993
DEBBY_2024,37041,HIGH,412,1042.36,412,1042.36,89.20388349514563,15.0,4.529277056000001E7
DEBBY_2024,37041,LOW,7,17.709999999999997,7,17.709999999999997,10.285714285714286,1.0,113169.19
DEBBY_2024,37041,MEDIUM,7,17.709999999999997,7,17.709999999999997,18.5,1.0,175897.815
DEBBY_2024,37047,HIGH,641,1621.73,641,1621.73,87.22932917316693,15.0,6.8511486815E7
DEBBY_2024,37049,HIGH,1660,4199.800000000003,1660,4199.800000000003,89.6262048192771,15.0,1.96550137165E8
DEBBY_2024,37049,LOW,331,837.4300000000002,331,837.4300000000002,7.7250755287009065,2.0,4003699.5300000003
DEBBY_2024,37049,MEDIUM,138,349.1399999999999,138,349.1399999999999,18.16304347826087,2.0,4333319.385
DEBBY_2024,37053,HIGH,1006,2545.1800000000003,1006,2545.1800000000003,82.36779324055667,15.0,1.545012329E8
DEBBY_2024,37053,LOW,9,22.77,9,22.77,6.666666666666667,1.0,123480.38500000001
DEBBY_2024,37055,HIGH,1693,4283.290000000001,1693,4283.290000000001,74.94211458948612,15.0,2.3213373213999996E8
DEBBY_2024,37055,LOW,78,197.34000000000003,78,197.34000000000003,7.282051282051282,1.0,1011500.8850000001
DEBBY_2024,37055,MEDIUM,52,131.56000000000003,52,131.56000000000003,18.442307692307693,2.0,1395701.1900000002
DEBBY_2024,37073,HIGH,208,526.2399999999998,208,526.2399999999998,86.43509615384616,15.0,2.0420190060000006E7
DEBBY_2024,37073,LOW,2,5.06,2,5.06,9.5,1.0,49358.924999999996
DEBBY_2024,37073,MEDIUM,3,7.59,3,7.59,18.5,1.0,114327.965
DEBBY_2024,37079,HIGH,218,551.5399999999998,218,551.5399999999998,86.65825688073394,15.0,2.7536627775E7
DEBBY_2024,37091,HIGH,214,541.42,214,541.42,83.03504672897196,15.0,2.5284024490000002E7
DEBBY_2024,37091,LOW,17,43.010000000000005,17,43.010000000000005,10.235294117647058,2.0,270861.35500000004
DEBBY_2024,37091,MEDIUM,5,12.649999999999999,5,12.649999999999999,17.9,1.0,176174.02
DEBBY_2024,37095,HIGH,719,1819.0700000000004,719,1819.0700000000004,87.9575799721836,15.0,6.037144666499999E7
DEBBY_2024,37095,LOW,361,913.33,361,913.33,8.304709141274238,2.0,4233767.0
DEBBY_2024,37095,MEDIUM,262,662.8599999999999,262,662.8599999999999,18.21946564885496,2.0,6093618.840000001
DEBBY_2024,37103,HIGH,202,511.05999999999983,202,511.05999999999983,87.89851485148515,15.0,2.1144158944999997E7
DEBBY_2024,37107,HIGH,473,1196.69,473,1196.69,85.21353065539112,15.0,5.525428361E7
DEBBY_2024,37117,HIGH,1142,2889.2600000000007,1142,2889.2600000000007,81.8292469352014,15.0,1.3522319594E8
DEBBY_2024,37117,LOW,1,2.53,1,2.53,11.5,1.0,22411.2
DEBBY_2024,37129,HIGH,1588,4017.6400000000012,1588,4017.6400000000012,62.509445843828715,15.0,2.5831248654999995E8
DEBBY_2024,37129,LOW,171,432.6299999999998,171,432.6299999999998,12.935672514619883,3.0,7290860.29
DEBBY_2024,37129,MEDIUM,79,199.87000000000006,79,199.87000000000006,17.77848101265823,3.0,4609076.295
DEBBY_2024,37131,HIGH,122,308.65999999999997,122,308.65999999999997,90.6639344262295,15.0,9791783.840000002
DEBBY_2024,37133,HIGH,2337,5912.610000000001,2337,5912.610000000001,80.40329482242191,15.0,2.86206788245E8
DEBBY_2024,37133,LOW,245,619.8499999999999,245,619.8499999999999,10.910204081632653,2.0,5854180.760000001
DEBBY_2024,37133,MEDIUM,124,313.71999999999997,124,313.71999999999997,18.306451612903224,2.0,4466870.33
DEBBY_2024,37137,HIGH,782,1978.4600000000007,782,1978.4600000000007,88.21675191815856,15.0,8.344876772E7
DEBBY_2024,37137,LOW,211,533.8299999999999,211,533.8299999999999,7.8530805687203795,2.0,2760829.9150000005
DEBBY_2024,37137,MEDIUM,54,136.62000000000003,54,136.62000000000003,18.305555555555557,2.0,1514638.21
DEBBY_2024,37139,HIGH,479,1211.87,479,1211.87,83.35699373695198,15.0,6.306923227E7
DEBBY_2024,37139,LOW,166,419.9799999999999,166,419.9799999999999,7.662650602409639,2.0,2210048.1400000006
DEBBY_2024,37139,MEDIUM,31,78.43,31,78.43,18.467741935483872,2.0,848111.9149999999
DEBBY_2024,37141,HIGH,1888,4776.640000000001,1888,4776.640000000001,85.70127118644068,15.0,2.2568223046E8
DEBBY_2024,37141,LOW,21,53.13000000000001,21,53.13000000000001,9.166666666666666,1.0,378419.25000000006
DEBBY_2024,37141,MEDIUM,21,53.13,21,53.13,18.071428571428573,2.0,652784.235
DEBBY_2024,37143,HIGH,678,1715.34,678,1715.34,88.09292035398231,15.0,9.293494722500001E7
DEBBY_2024,37143,LOW,15,37.95,15,37.95,7.333333333333333,2.0,225966.905
DEBBY_2024,37143,MEDIUM,1,2.53,1,2.53,17.0,2.0,17914.260000000002
DEBBY_2024,37147,HIGH,1675,4237.750000000002,1675,4237.750000000002,81.5976119402985,15.0,2.3586492373999992E8
DEBBY_2024,37147,LOW,6,15.179999999999998,6,15.179999999999998,12.0,2.0,88242.59
DEBBY_2024,37147,MEDIUM,6,15.18,6,15.18,18.25,2.0,150837.825
DEBBY_2024,37177,HIGH,475,1201.75,475,1201.75,84.3621052631579,15.0,4.590164515500001E7
DEBBY_2024,37177,LOW,61,154.33000000000004,61,154.33000000000004,7.336065573770492,2.0,643376.0750000002
DEBBY_2024,37177,MEDIUM,19,48.07000000000001,19,48.07000000000001,18.42105263157895,2.0,409972.025
DEBBY_2024,37187,HIGH,435,1100.55,435,1100.55,91.50689655172414,15.0,8.4476188865E7
DEBBY_2024,37187,MEDIUM,1,2.53,1,2.53,17.0,2.0,17398.48
DEBBY_2024,45009,HIGH,1,2.53,1,2.53,43.5,15.0,80123.085
DEBBY_2024,45013,HIGH,3989,10092.169999999993,3989,10092.169999999993,79.42341438957132,15.0,8.293324123500003E8
DEBBY_2024,45013,LOW,71,179.63000000000005,71,179.63000000000005,9.943661971830986,2.0,2016583.36
DEBBY_2024,45013,MEDIUM,55,139.15000000000003,55,139.15000000000003,18.5,2.0,2658916.335
DEBBY_2024,45015,HIGH,4124,10433.71999999999,4124,10433.71999999999,79.21011154219205,15.0,6.77661636785E8
DEBBY_2024,45015,LOW,57,144.21,57,144.21,9.447368421052632,2.0,1866479.585
DEBBY_2024,45015,MEDIUM,17,43.01000000000001,17,43.01000000000001,18.529411764705884,2.0,1042342.8049999999
DEBBY_2024,45019,HIGH,5413,13694.889999999958,5413,13694.889999999958,74.55588398300388,15.0,1.15692671122E9
DEBBY_2024,45019,LOW,1091,2760.2300000000005,1091,2760.2300000000005,11.841429880843263,2.0,4.592856915500001E7
DEBBY_2024,45019,MEDIUM,692,1750.7600000000004,692,1750.7600000000004,18.338872832369944,3.0,4.1984593655E7
DEBBY_2024,45027,HIGH,1,2.53,1,2.53,100.0,15.0,76319.0
DEBBY_2024,45029,HIGH,2123,5371.1900000000005,2123,5371.1900000000005,83.99670277908619,15.0,2.6763669518500003E8
DEBBY_2024,45029,LOW,37,93.61000000000003,37,93.61000000000003,8.41891891891892,2.0,811978.615
DEBBY_2024,45029,MEDIUM,30,75.90000000000002,30,75.90000000000002,18.25,2.0,1423635.2449999999
DEBBY_2024,45035,HIGH,2733,6914.490000000002,2733,6914.490000000002,78.22502744237102,15.0,4.704203262100001E8
DEBBY_2024,45043,HIGH,1733,4384.490000000002,1733,4384.490000000002,76.78332371609925,15.0,2.7291989515999997E8
DEBBY_2024,45043,LOW,467,1181.5100000000002,467,1181.5100000000002,8.574946466809422,3.0,1.3178707399999997E7
DEBBY_2024,45043,MEDIUM,266,672.9799999999998,266,672.9799999999998,18.276315789473685,3.0,1.432991039E7
DEBBY_2024,45049,HIGH,507,1282.7100000000003,507,1282.7100000000003,86.29585798816568,15.0,6.620021910499999E7
DEBBY_2024,45051,HIGH,5898,14921.939999999942,5898,14921.939999999942,83.13207867073584,15.0,7.657335014050001E8
DEBBY_2024,45051,LOW,306,774.1800000000001,306,774.1800000000001,9.663398692810457,3.0,6202679.814999998
DEBBY_2024,45051,MEDIUM,315,796.95,315,796.95,18.365079365079364,3.0,1.3691536490000002E7
DEBBY_2024,45053,HIGH,668,1690.0400000000002,668,1690.0400000000002,82.8869760479042,15.0,6.459276177000001E7
DEBBY_2024,45067,HIGH,242,612.2599999999999,242,612.2599999999999,77.87809917355372,15.0,2.9009672249999996E7
DEBBY_2024,45089,HIGH,2795,7071.350000000003,2795,7071.350000000003,83.52826475849731,15.0,2.690038334650001E8
DEBBY_2024,51093,HIGH,2,5.06,2,5.06,100.0,15.0,287334.0
DEBBY_2024,51175,HIGH,142,359.25999999999993,142,359.25999999999993,84.35915492957747,15.0,1.6585365765000002E7
DEBBY_2024,51550,HIGH,327,827.3099999999997,327,827.3099999999997,73.55351681957187,15.0,7.485975636999997E7
DEBBY_2024,51620,HIGH,5,12.649999999999999,5,12.649999999999999,91.6,15.0,449743.06
DEBBY_2024,51800,HIGH,54,136.62000000000003,54,136.62000000000003,85.03703703703704,15.0,9449605.055
DEBBY_2024,51810,HIGH,45,113.85000000000004,45,113.85000000000004,97.55555555555556,15.0,2398544.8000000003
FLORENCE_2018,37013,HIGH,1375,3478.75,1375,3478.75,69.99054545454545,15.0,8.5531688545E7
FLORENCE_2018,37013,LOW,753,1905.0900000000004,753,1905.0900000000004,9.698539176626825,4.0,1.2417080745E7
FLORENCE_2018,37013,MEDIUM,755,1910.15,755,1910.15,18.388741721854306,3.0,2.1612745875000004E7
FLORENCE_2018,37015,HIGH,3,7.59,3,7.59,91.66666666666667,15.0,386544.75
FLORENCE_2018,37015,LOW,2,5.06,2,5.06,8.5,2.0,10519.970000000001
FLORENCE_2018,37015,MEDIUM,1,2.53,1,2.53,17.0,2.0,16401.43
FLORENCE_2018,37019,HIGH,538,1361.1399999999999,538,1361.1399999999999,66.8039033457249,15.0,7.0063805345E7
FLORENCE_2018,37019,LOW,71,179.63000000000005,71,179.63000000000005,7.647887323943662,2.0,1313574.1900000004
FLORENCE_2018,37019,MEDIUM,31,78.43000000000002,31,78.43000000000002,18.419354838709676,3.0,1171520.495
FLORENCE_2018,37029,HIGH,12,30.36,12,30.36,74.79166666666667,15.0,731900.375
FLORENCE_2018,37029,LOW,13,32.89,13,32.89,7.269230769230769,1.0,169948.875
FLORENCE_2018,37031,HIGH,1160,2934.8,1160,2934.8,79.16379310344827,15.0,1.0781939291499999E8
FLORENCE_2018,37031,LOW,1247,3154.91,1247,3154.91,7.704891740176423,4.0,1.6907255830000002E7
FLORENCE_2018,37031,MEDIUM,515,1302.95,515,1302.95,18.41844660194175,3.0,1.6911697819999993E7
FLORENCE_2018,37041,HIGH,17,43.010000000000005,17,43.010000000000005,62.294117647058826,15.0,1088088.495
FLORENCE_2018,37041,LOW,5,12.649999999999999,5,12.649999999999999,10.9,1.0,99081.66500000001
FLORENCE_2018,37041,MEDIUM,18,45.540000000000006,18,45.540000000000006,18.416666666666668,2.0,453396.35
FLORENCE_2018,37049,HIGH,659,1667.2700000000002,659,1667.2700000000002,60.2701062215478,15.0,3.565426600500001E7
FLORENCE_2018,37049,LOW,846,2140.380000000001,846,2140.380000000001,8.01063829787234,4.0,1.2951966834999997E7
FLORENCE_2018,37049,MEDIUM,1231,3114.430000000001,1231,3114.430000000001,18.428107229894394,3.0,3.793112281999999E7
FLORENCE_2018,37053,HIGH,141,356.72999999999996,141,356.72999999999996,72.3936170212766,15.0,2.0245974535000004E7
FLORENCE_2018,37053,LOW,27,68.31,27,68.31,6.12962962962963,1.0,279788.8000000001
FLORENCE_2018,37053,MEDIUM,1,2.53,1,2.53,18.5,1.0,29483.82
FLORENCE_2018,37055,HIGH,597,1510.4100000000003,597,1510.4100000000003,72.46901172529313,15.0,7.171628403999999E7
FLORENCE_2018,37055,LOW,124,313.71999999999997,124,313.71999999999997,7.024193548387097,2.0,1652149.6400000001
FLORENCE_2018,37055,MEDIUM,69,174.57000000000005,69,174.57000000000005,18.282608695652176,2.0,2230054.1449999996
FLORENCE_2018,37073,HIGH,1,2.53,1,2.53,100.0,15.0,173892.0
FLORENCE_2018,37073,LOW,3,7.59,3,7.59,7.833333333333333,1.0,32543.485
FLORENCE_2018,37073,MEDIUM,4,10.12,4,10.12,18.5,1.0,124967.5
FLORENCE_2018,37091,HIGH,7,17.709999999999997,7,17.709999999999997,75.0,1.0,291281.25
FLORENCE_2018,37091,LOW,22,55.66,22,55.66,10.0,1.0,324569.115
FLORENCE_2018,37091,MEDIUM,8,20.24,8,20.24,18.125,2.0,274721.115
FLORENCE_2018,37095,HIGH,597,1510.4099999999999,597,1510.4099999999999,86.83668341708542,15.0,4.611361740999999E7
FLORENCE_2018,37095,LOW,410,1037.3000000000002,410,1037.3000000000002,8.263414634146342,2.0,4904718.085000001
FLORENCE_2018,37095,MEDIUM,404,1022.1200000000001,404,1022.1200000000001,18.219059405940595,2.0,9516610.469999997
FLORENCE_2018,37103,HIGH,7,17.71,7,17.71,48.214285714285715,3.0,491773.375
FLORENCE_2018,37103,LOW,5,12.649999999999999,5,12.649999999999999,9.3,2.0,108099.01000000001
FLORENCE_2018,37103,MEDIUM,5,12.649999999999999,5,12.649999999999999,19.7,3.0,175789.385
FLORENCE_2018,37117,HIGH,10,25.299999999999997,10,25.299999999999997,37.5,2.0,402944.25
FLORENCE_2018,37117,LOW,18,45.540000000000006,18,45.540000000000006,8.583333333333334,2.0,224354.19
FLORENCE_2018,37117,MEDIUM,17,43.010000000000005,17,43.010000000000005,18.176470588235293,2.0,451659.31499999994
FLORENCE_2018,37129,HIGH,213,538.8899999999999,213,538.8899999999999,64.22300469483568,15.0,4.641888843500001E7
FLORENCE_2018,37129,LOW,162,409.8599999999999,162,409.8599999999999,12.32716049382716,3.0,7041207.080000002
FLORENCE_2018,37129,MEDIUM,75,189.75000000000006,75,189.75000000000006,17.953333333333333,3.0,6291456.199999999
FLORENCE_2018,37133,HIGH,425,1075.2500000000002,425,1075.2500000000002,71.94117647058823,15.0,3.436745352E7
FLORENCE_2018,37133,LOW,279,705.87,279,705.87,10.550179211469533,3.0,6561982.2250000015
FLORENCE_2018,37133,MEDIUM,362,915.8599999999998,362,915.8599999999998,18.473756906077348,3.0,1.355468756E7
FLORENCE_2018,37137,HIGH,576,1457.28,576,1457.28,83.23350694444444,15.0,3.4165344535000004E7
FLORENCE_2018,37137,LOW,523,1323.1900000000003,522,1320.66,8.236137667304016,4.0,7405092.86
FLORENCE_2018,37137,MEDIUM,513,1297.89,513,1297.89,18.282651072124757,3.0,1.4479780905000003E7
FLORENCE_2018,37139,HIGH,23,58.19000000000001,23,58.19000000000001,87.3695652173913,15.0,1844570.2850000001
FLORENCE_2018,37139,LOW,45,113.85000000000002,45,113.85000000000002,6.844444444444444,2.0,539045.5499999999
FLORENCE_2018,37139,MEDIUM,3,7.59,3,7.59,18.0,2.0,94054.95999999999
FLORENCE_2018,37141,HIGH,331,837.4300000000001,331,837.4300000000001,77.45015105740181,15.0,3.653531945500001E7
FLORENCE_2018,37141,LOW,55,139.15000000000003,55,139.15000000000003,8.872727272727273,2.0,916952.02
FLORENCE_2018,37141,MEDIUM,56,141.68000000000004,56,141.68000000000004,18.276785714285715,3.0,1637810.1800000002
FLORENCE_2018,37143,HIGH,34,86.02000000000001,34,86.02000000000001,90.48529411764706,15.0,4913287.404999999
FLORENCE_2018,37143,LOW,17,43.010000000000005,17,43.010000000000005,6.264705882352941,2.0,191115.63999999998
FLORENCE_2018,37143,MEDIUM,3,7.59,3,7.59,18.0,2.0,111678.84
FLORENCE_2018,37147,HIGH,37,93.61000000000003,37,93.61000000000003,76.35135135135135,3.0,1848633.25
FLORENCE_2018,37147,LOW,14,35.42,14,35.42,17.142857142857142,4.0,258622.53999999998
FLORENCE_2018,37147,MEDIUM,17,43.01000000000001,17,43.01000000000001,18.61764705882353,3.0,525124.1900000001
FLORENCE_2018,37177,HIGH,160,404.7999999999999,160,404.7999999999999,76.675,15.0,7495047.61
FLORENCE_2018,37177,LOW,254,642.6199999999998,254,642.6199999999998,7.6200787401574805,2.0,3068651.080000001
FLORENCE_2018,37177,MEDIUM,96,242.88000000000005,96,242.88000000000005,18.25,2.0,2279418.6750000003
FLORENCE_2018,37187,HIGH,2,5.06,2,5.06,75.0,1.0,56296.5
FLORENCE_2018,37187,LOW,18,45.540000000000006,18,45.540000000000006,7.277777777777778,1.0,157111.85
FLORENCE_2018,37187,MEDIUM,15,37.95,15,37.95,18.1,2.0,296602.47500000003
FLORENCE_2018,45013,HIGH,873,2208.6900000000005,873,2208.6900000000005,77.14146620847652,15.0,1.9294191611E8
FLORENCE_2018,45013,MEDIUM,2,5.06,2,5.06,17.75,2.0,150961.2
FLORENCE_2018,45015,HIGH,43,108.79000000000002,43,108.79000000000002,68.46511627906976,15.0,8851226.149999999
FLORENCE_2018,45015,LOW,17,43.010000000000005,17,43.010000000000005,9.705882352941176,2.0,464038.00500000006
FLORENCE_2018,45015,MEDIUM,13,32.89,13,32.89,18.26923076923077,2.0,481821.875
FLORENCE_2018,45019,HIGH,1023,2588.1900000000005,1023,2588.1900000000005,69.73411534701857,15.0,2.3875253622500005E8
FLORENCE_2018,45019,LOW,53,134.09000000000003,53,134.09000000000003,12.839622641509434,1.0,2540151.77
FLORENCE_2018,45019,MEDIUM,23,58.19000000000001,23,58.19000000000001,18.456521739130434,2.0,1202295.77
FLORENCE_2018,45029,HIGH,113,285.89,113,285.89,77.7433628318584,15.0,2.1925873805E7
FLORENCE_2018,45029,LOW,41,103.73000000000003,41,103.73000000000003,9.036585365853659,2.0,871156.6400000002
FLORENCE_2018,45029,MEDIUM,20,50.60000000000001,20,50.60000000000001,18.375,2.0,696664.61
FLORENCE_2018,45035,HIGH,38,96.14000000000001,38,96.14000000000001,68.69736842105263,15.0,7497060.97
FLORENCE_2018,45043,HIGH,248,627.4399999999999,248,627.4399999999999,62.80040322580645,15.0,4.588939699E7
FLORENCE_2018,45043,LOW,83,209.99000000000004,83,209.99000000000004,7.903614457831325,2.0,2343255.0500000003
FLORENCE_2018,45043,MEDIUM,40,101.20000000000002,40,101.20000000000002,18.3125,2.0,2023588.4599999995
FLORENCE_2018,45051,HIGH,184,465.5199999999998,184,465.5199999999998,69.13315217391305,15.0,2.3292922044999998E7
FLORENCE_2018,45051,LOW,131,331.43000000000006,131,331.43000000000006,9.545801526717558,3.0,2953381.8550000004
FLORENCE_2018,45051,MEDIUM,144,364.3199999999999,144,364.3199999999999,18.34027777777778,3.0,6436475.664999999
FLORENCE_2018,45053,HIGH,30,75.9,30,75.9,79.71666666666667,15.0,3305684.675
FLORENCE_2018,45053,MEDIUM,1,2.53,1,2.53,18.5,1.0,18365.505
FLORENCE_2018,45089,HIGH,1,2.53,1,2.53,100.0,15.0,98994.0
FLORENCE_2018,51001,HIGH,435,1100.55,435,1100.55,79.52413793103449,15.0,6.741550691E7
FLORENCE_2018,51001,LOW,41,103.73000000000002,41,103.73000000000002,7.317073170731708,1.0,568047.6349999999
FLORENCE_2018,51001,MEDIUM,26,65.78000000000002,26,65.78000000000002,18.5,1.0,599166.1600000001
FLORENCE_2018,51033,HIGH,1,2.53,1,2.53,65.0,15.0,217794.2
FLORENCE_2018,51036,HIGH,4,10.12,4,10.12,63.625,15.0,881065.405
FLORENCE_2018,51036,LOW,3,7.59,3,7.59,10.166666666666666,2.0,74042.695
FLORENCE_2018,51036,MEDIUM,1,2.53,1,2.53,18.5,1.0,57778.46
FLORENCE_2018,51041,LOW,4,10.12,4,10.12,11.125,2.0,125458.615
FLORENCE_2018,51041,MEDIUM,2,5.06,2,5.06,18.5,2.0,80782.84
FLORENCE_2018,51057,HIGH,71,179.63000000000005,71,179.63000000000005,75.6830985915493,15.0,1.2521542470000003E7
FLORENCE_2018,51057,LOW,7,17.709999999999997,7,17.709999999999997,8.428571428571429,2.0,124214.21
FLORENCE_2018,51057,MEDIUM,1,2.53,1,2.53,18.5,2.0,20405.13
FLORENCE_2018,51059,HIGH,6,15.18,6,15.18,80.16666666666667,15.0,1232165.19
FLORENCE_2018,51059,LOW,1,2.53,1,2.53,11.5,2.0,53599.200000000004
FLORENCE_2018,51059,MEDIUM,2,5.06,2,5.06,17.0,2.0,99148.76000000001
FLORENCE_2018,51073,HIGH,161,407.33000000000004,161,407.33000000000004,80.20496894409938,15.0,3.1732443425E7
FLORENCE_2018,51073,LOW,64,161.92000000000004,64,161.92000000000004,8.3046875,2.0,1499655.2299999997
FLORENCE_2018,51073,MEDIUM,18,45.540000000000006,18,45.540000000000006,18.333333333333332,2.0,727830.3249999998
FLORENCE_2018,51093,HIGH,102,258.06000000000006,102,258.06000000000006,66.0,15.0,1.5640052144999998E7
FLORENCE_2018,51093,LOW,2,5.06,2,5.06,12.0,1.0,55253.84000000001
FLORENCE_2018,51093,MEDIUM,2,5.06,2,5.06,17.75,2.0,65133.3
FLORENCE_2018,51095,HIGH,15,37.95,15,37.95,64.06666666666666,15.0,3650072.5250000004
FLORENCE_2018,51095,LOW,9,22.769999999999996,9,22.769999999999996,7.611111111111111,2.0,206660.03499999997
FLORENCE_2018,51095,MEDIUM,2,5.06,2,5.06,18.5,2.0,74382.20999999999
FLORENCE_2018,51097,HIGH,11,27.830000000000002,11,27.830000000000002,82.36363636363636,15.0,4540288.779999999
FLORENCE_2018,51097,LOW,1,2.53,1,2.53,11.5,1.0,20140.64
FLORENCE_2018,51099,HIGH,28,70.84000000000002,28,70.84000000000002,78.96428571428571,15.0,6692129.045000001
FLORENCE_2018,51099,LOW,2,5.06,2,5.06,6.0,1.0,26355.54
FLORENCE_2018,51099,MEDIUM,3,7.59,3,7.59,17.0,2.0,183786.49
FLORENCE_2018,51101,HIGH,9,22.77,9,22.77,62.611111111111114,15.0,1458475.0
FLORENCE_2018,51101,LOW,8,20.24,8,20.24,7.5,2.0,113216.48000000001
FLORENCE_2018,51101,MEDIUM,1,2.53,1,2.53,18.5,1.0,28275.954999999998
FLORENCE_2018,51103,HIGH,107,270.7100000000001,107,270.7100000000001,79.34579439252336,15.0,1.8133616569999997E7
FLORENCE_2018,51103,LOW,26,65.78000000000002,26,65.78000000000002,8.403846153846153,2.0,944947.585
FLORENCE_2018,51103,MEDIUM,7,17.709999999999997,7,17.709999999999997,18.285714285714285,2.0,240286.705
FLORENCE_2018,51115,HIGH,180,455.3999999999998,180,455.3999999999998,80.52222222222223,15.0,3.550494111500001E7
FLORENCE_2018,51115,LOW,22,55.66000000000001,22,55.66000000000001,9.704545454545455,2.0,655445.7300000002
FLORENCE_2018,51115,MEDIUM,36,91.08000000000001,36,91.08000000000001,18.416666666666668,2.0,1325903.1400000001
FLORENCE_2018,51119,HIGH,109,275.77,109,275.77,80.22935779816514,15.0,1.488563139E7
FLORENCE_2018,51119,LOW,16,40.480000000000004,16,40.480000000000004,8.0625,2.0,218558.84499999997
FLORENCE_2018,51119,MEDIUM,10,25.299999999999997,10,25.299999999999997,18.55,2.0,251785.08000000002
FLORENCE_2018,51127,HIGH,6,15.179999999999998,6,15.179999999999998,75.33333333333333,15.0,817150.2350000001
FLORENCE_2018,51127,MEDIUM,3,7.59,3,7.59,18.666666666666668,2.0,121147.125
FLORENCE_2018,51131,HIGH,59,149.27000000000004,59,149.27000000000004,67.87288135593221,15.0,8772105.979999999
FLORENCE_2018,51131,LOW,1,2.53,1,2.53,6.0,1.0,13486.92
FLORENCE_2018,51133,HIGH,204,516.1199999999999,204,516.1199999999999,78.10049019607843,15.0,3.906575983999999E7
FLORENCE_2018,51133,LOW,29,73.37000000000002,29,73.37000000000002,8.413793103448276,2.0,772403.1549999999
FLORENCE_2018,51133,MEDIUM,33,83.49000000000002,33,83.49000000000002,18.363636363636363,2.0,1729729.8800000001
FLORENCE_2018,51153,HIGH,2,5.06,2,5.06,100.0,15.0,937500.0
FLORENCE_2018,51159,HIGH,21,53.13000000000002,21,53.13000000000002,85.35714285714286,15.0,2685308.71
FLORENCE_2018,51159,MEDIUM,3,7.59,3,7.59,18.5,2.0,75895.87999999999
FLORENCE_2018,51175,HIGH,3,7.59,3,7.59,100.0,15.0,215723.0
FLORENCE_2018,51179,HIGH,40,101.20000000000003,40,101.20000000000003,79.2375,15.0,9157940.61
FLORENCE_2018,51179,LOW,7,17.709999999999997,7,17.709999999999997,11.785714285714286,2.0,338332.12
FLORENCE_2018,51179,MEDIUM,3,7.59,3,7.59,18.5,2.0,176349.215
FLORENCE_2018,51181,HIGH,9,22.77,9,22.77,87.22222222222223,15.0,1223531.575
FLORENCE_2018,51181,LOW,2,5.06,2,5.06,4.25,1.0,21808.03
FLORENCE_2018,51181,MEDIUM,2,5.06,2,5.06,18.5,1.0,56462.0
FLORENCE_2018,51193,HIGH,191,483.23,191,483.23,78.47905759162303,15.0,3.271119683500001E7
FLORENCE_2018,51193,LOW,28,70.84000000000002,28,70.84000000000002,8.660714285714286,2.0,873410.3300000001
FLORENCE_2018,51193,MEDIUM,21,53.13000000000001,21,53.13000000000001,18.428571428571427,2.0,675780.5750000001
FLORENCE_2018,51199,HIGH,79,199.87000000000006,79,199.87000000000006,86.71518987341773,15.0,1.8572935380000003E7
FLORENCE_2018,51199,LOW,3,7.59,3,7.59,8.166666666666666,2.0,119973.47
FLORENCE_2018,51199,MEDIUM,7,17.709999999999997,7,17.709999999999997,18.5,2.0,289843.755
FLORENCE_2018,51550,HIGH,148,374.44,148,374.44,73.04729729729729,15.0,2.9316375189999998E7
FLORENCE_2018,51550,LOW,44,111.32000000000002,44,111.32000000000002,7.170454545454546,2.0,773485.355
FLORENCE_2018,51550,MEDIUM,10,25.299999999999997,10,25.299999999999997,17.8,2.0,161471.92500000002
FLORENCE_2018,51650,HIGH,157,397.21000000000004,157,397.21000000000004,72.14012738853503,15.0,2.8961188689999994E7
FLORENCE_2018,51650,LOW,48,121.44000000000003,48,121.44000000000003,6.541666666666667,2.0,872477.6300000002
FLORENCE_2018,51650,MEDIUM,12,30.360000000000003,12,30.360000000000003,18.5,2.0,326237.69499999995
FLORENCE_2018,51670,HIGH,1,2.53,1,2.53,100.0,15.0,120714.0
FLORENCE_2018,51700,HIGH,23,58.19000000000001,23,58.19000000000001,75.6304347826087,15.0,5036861.355
FLORENCE_2018,51700,LOW,1,2.53,1,2.53,5.5,1.0,22717.695
FLORENCE_2018,51700,MEDIUM,1,2.53,1,2.53,18.5,2.0,41524.175
FLORENCE_2018,51710,HIGH,97,245.41000000000005,97,245.41000000000005,74.11340206185567,15.0,1.5678065879999999E7
FLORENCE_2018,51710,LOW,8,20.24,8,20.24,6.5625,2.0,119173.275
FLORENCE_2018,51710,MEDIUM,1,2.53,1,2.53,15.5,1.0,202063.27
FLORENCE_2018,51735,HIGH,116,293.48,116,293.48,72.36637931034483,15.0,2.4168246425E7
FLORENCE_2018,51735,LOW,52,131.56000000000003,52,131.56000000000003,7.288461538461538,2.0,1120507.9500000002
FLORENCE_2018,51735,MEDIUM,13,32.89,13,32.89,18.384615384615383,2.0,739740.1399999999
FLORENCE_2018,51740,HIGH,62,156.86000000000004,62,156.86000000000004,74.12096774193549,15.0,9904956.6
FLORENCE_2018,51740,MEDIUM,3,7.59,3,7.59,16.5,2.0,221313.825
FLORENCE_2018,51800,HIGH,56,141.68000000000004,56,141.68000000000004,70.40178571428571,15.0,1.269761969E7
FLORENCE_2018,51800,LOW,1,2.53,1,2.53,5.5,1.0,16690.245
FLORENCE_2018,51810,HIGH,109,275.77000000000004,109,275.77000000000004,88.69266055045871,15.0,1.4992625940000001E7
HELENE_2024,12005,HIGH,2089,5285.17,2089,5285.17,85.90761129727142,15.0,2.8715411981500006E8
HELENE_2024,12005,LOW,2,5.06,2,5.06,6.5,1.0,43376.590000000004
HELENE_2024,12005,MEDIUM,1,2.53,1,2.53,15.5,1.0,117884.94
HELENE_2024,12009,HIGH,7962,20143.859999999884,7962,20143.859999999884,81.3205224817885,15.0,1.788361001715E9
HELENE_2024,12009,LOW,16,40.480000000000004,16,40.480000000000004,9.84375,2.0,485551.10500000004
HELENE_2024,12009,MEDIUM,63,159.39000000000004,63,159.39000000000004,18.476190476190474,2.0,2964466.085
HELENE_2024,12011,HIGH,7536,19066.0799999999,7536,19066.0799999999,81.4484474522293,15.0,1.4072191458850002E9
HELENE_2024,12011,LOW,4,10.12,4,10.12,8.0,1.0,27862.06
HELENE_2024,12011,MEDIUM,3,7.59,3,7.59,18.5,1.0,194735.81
HELENE_2024,12013,HIGH,292,738.7599999999999,292,738.7599999999999,84.91609589041096,15.0,3.8752360629999995E7
HELENE_2024,12015,HIGH,13824,34974.71999999973,13824,34974.71999999973,60.2490234375,15.0,1.5633890459849997E9
HELENE_2024,12015,LOW,4787,12111.109999999971,4726,11956.779999999973,9.564236473783163,4.0,1.14486012205E8
HELENE_2024,12015,MEDIUM,8916,22557.479999999854,8916,22557.479999999854,18.340903992821893,3.0,3.689635901049999E8
HELENE_2024,12017,HIGH,6511,16472.829999999925,6511,16472.829999999925,80.04031638765167,15.0,5.935344121400001E8
HELENE_2024,12017,LOW,10686,27035.57999999981,10061,25454.32999999983,74.5274190529665,5.0,9.790948114949998E8
HELENE_2024,12017,MEDIUM,811,2051.8300000000004,811,2051.8300000000004,19.21023427866831,3.0,3.1157967335E7
HELENE_2024,12021,HIGH,12130,30688.899999999772,12130,30688.899999999772,83.68169826875516,15.0,2.5760725869549985E9
HELENE_2024,12021,LOW,1731,4379.430000000001,1731,4379.430000000001,9.025996533795494,3.0,4.994873301499999E7
HELENE_2024,12021,MEDIUM,1303,3296.5900000000015,1303,3296.5900000000015,18.26592478894858,3.0,7.712476262E7
HELENE_2024,12027,HIGH,1360,3440.800000000001,1360,3440.800000000001,85.80110294117647,15.0,2.1408505892E8
HELENE_2024,12027,LOW,5,12.649999999999999,5,12.649999999999999,10.5,3.0,95499.65500000001
HELENE_2024,12027,MEDIUM,13,32.89,13,32.89,18.76923076923077,3.0,331391.02999999997
HELENE_2024,12029,HIGH,841,2127.7300000000005,841,2127.7300000000005,89.29013079667062,15.0,5.8949599355000004E7
HELENE_2024,12029,LOW,1920,4857.600000000003,1426,3607.780000000001,61.68697916666667,5.0,9.501985241999999E7
HELENE_2024,12029,MEDIUM,68,172.04000000000005,68,172.04000000000005,18.99264705882353,3.0,2213346.17
HELENE_2024,12033,HIGH,1125,2846.25,1125,2846.25,86.072,15.0,1.6537340974000004E8
HELENE_2024,12037,HIGH,935,2365.55,935,2365.55,79.38770053475936,15.0,8.767194249500002E7
HELENE_2024,12037,LOW,128,323.84000000000003,109,275.77000000000004,8.61328125,4.0,2154579.3200000003
HELENE_2024,12037,MEDIUM,109,275.7700000000001,109,275.7700000000001,18.380733944954127,3.0,3400141.0100000002
HELENE_2024,12041,HIGH,276,698.2799999999999,276,698.2799999999999,83.38949275362319,15.0,2.3238260690000005E7
HELENE_2024,12041,LOW,34,86.02000000000002,34,86.02000000000002,39.98529411764706,5.0,1904357.7599999998
HELENE_2024,12041,MEDIUM,17,43.010000000000005,17,43.010000000000005,18.352941176470587,3.0,345978.61500000005
HELENE_2024,12045,HIGH,771,1950.6300000000008,771,1950.6300000000008,85.64007782101167,15.0,7.3223376685E7
HELENE_2024,12045,LOW,14,35.42,14,35.42,5.678571428571429,1.0,140855.49000000002
HELENE_2024,12045,MEDIUM,10,25.299999999999997,10,25.299999999999997,18.5,2.0,278532.67
HELENE_2024,12049,HIGH,511,1292.8300000000002,511,1292.8300000000002,88.45205479452055,15.0,6.645889603500001E7
HELENE_2024,12051,HIGH,1124,2843.7200000000007,1124,2843.7200000000007,90.15569395017793,15.0,1.6814238203499997E8
HELENE_2024,12053,HIGH,1872,4736.160000000001,1872,4736.160000000001,84.76041666666667,15.0,2.5300336293000004E8
HELENE_2024,12053,LOW,2326,5884.780000000001,2224,5626.720000000002,80.01354256233878,5.0,2.6040466791499996E8
HELENE_2024,12053,MEDIUM,169,427.56999999999994,169,427.56999999999994,18.75147928994083,3.0,1.0676176234999998E7
HELENE_2024,12057,HIGH,36025,91143.2500000007,36025,91143.2500000007,68.5818320610687,15.0,5.259123795935001E9
HELENE_2024,12057,LOW,17606,44543.17999999962,14759,37340.269999999706,32.70848006361468,5.0,1.25660880026E9
HELENE_2024,12057,MEDIUM,12561,31779.329999999758,12561,31779.329999999758,18.751612132791976,3.0,6.55007875415E8
HELENE_2024,12061,HIGH,3692,9340.759999999998,3692,9340.759999999998,85.61078006500541,15.0,6.78216918925E8
HELENE_2024,12061,MEDIUM,1,2.53,1,2.53,18.5,1.0,56094.96
HELENE_2024,12065,HIGH,328,829.8400000000001,328,829.8400000000001,78.90243902439025,15.0,4.030957947E7
HELENE_2024,12065,LOW,3,7.59,2,5.06,21.0,5.0,99846.73000000001
HELENE_2024,12067,HIGH,241,609.73,241,609.73,86.93153526970954,15.0,2.2584324355000004E7
HELENE_2024,12071,HIGH,19894,50331.81999999957,19894,50331.81999999957,78.49002211722127,15.0,2.617478796995E9
HELENE_2024,12071,LOW,5202,13161.059999999963,5199,13153.469999999961,9.464436755094194,4.0,1.15313009845E8
HELENE_2024,12071,MEDIUM,5754,14557.61999999994,5754,14557.61999999994,18.37747653806048,3.0,2.3454357295499995E8
HELENE_2024,12073,HIGH,1870,4731.100000000001,1870,4731.100000000001,83.73743315508021,15.0,2.5950927747499993E8
HELENE_2024,12075,HIGH,783,1980.9900000000007,783,1980.9900000000007,83.75606641123882,15.0,5.459725665000001E7
HELENE_2024,12075,LOW,2467,6241.510000000002,2215,5603.95,69.31374138629914,5.0,1.6383938147E8
HELENE_2024,12075,MEDIUM,52,131.56000000000003,52,131.56000000000003,19.653846153846153,3.0,1489939.92
HELENE_2024,12077,HIGH,194,490.8199999999999,194,490.8199999999999,86.77835051546391,15.0,1.9483283135000005E7
HELENE_2024,12079,HIGH,68,172.04000000000005,68,172.04000000000005,86.7279411764706,15.0,6601824.8999999985
HELENE_2024,12081,HIGH,13680,34610.399999999725,13680,34610.399999999725,72.45745614035087,15.0,2.048610216005E9
HELENE_2024,12081,LOW,7614,19263.4199999999,5367,13578.509999999957,35.26017861833465,5.0,5.2710953032000005E8
HELENE_2024,12081,MEDIUM,3890,9841.699999999995,3890,9841.699999999995,19.012210796915166,3.0,2.9674981266E8
HELENE_2024,12083,HIGH,56,141.68000000000004,56,141.68000000000004,82.88392857142857,15.0,6912629.43
HELENE_2024,12085,HIGH,2407,6089.710000000002,2407,6089.710000000002,85.52098047361861,15.0,5.2982123812000006E8
HELENE_2024,12085,LOW,22,55.66000000000001,22,55.66000000000001,7.5,1.0,464752.03
HELENE_2024,12085,MEDIUM,6,15.18,6,15.18,18.5,1.0,403124.06499999994
HELENE_2024,12086,HIGH,5332,13489.95999999996,5332,13489.95999999996,81.72421230307577,15.0,1.4132758269299998E9
HELENE_2024,12087,HIGH,1995,5047.350000000002,1995,5047.350000000002,75.62105263157895,15.0,3.9723306108500004E8
HELENE_2024,12087,LOW,350,885.5,350,885.5,9.548571428571428,2.0,7210278.755000001
HELENE_2024,12087,MEDIUM,181,457.93,181,457.93,18.408839779005525,2.0,5804094.36
HELENE_2024,12091,HIGH,744,1882.32,744,1882.32,79.95967741935483,15.0,1.2612127103499998E8
HELENE_2024,12099,HIGH,9242,23382.25999999985,9242,23382.25999999985,82.58077256005194,15.0,2.0888850097599993E9
HELENE_2024,12099,LOW,9,22.77,9,22.77,6.555555555555555,1.0,190070.80499999996
HELENE_2024,12099,MEDIUM,13,32.89,13,32.89,18.26923076923077,1.0,444884.975
HELENE_2024,12101,HIGH,16469,41666.56999999966,16469,41666.56999999966,66.22654684558869,15.0,2.1578250059500003E9
HELENE_2024,12101,LOW,16855,42643.14999999966,13762,34817.859999999724,52.59531296351231,5.0,2.6632941058499994E9
HELENE_2024,12101,MEDIUM,7127,18031.309999999907,7127,18031.309999999907,19.424231794583978,3.0,2.0198485692500005E9
HELENE_2024,12103,HIGH,34655,87677.15000000043,34655,87677.15000000043,60.24598182080508,15.0,3.6417832955499988E9
HELENE_2024,12103,LOW,36088,91302.64000000071,33637,85101.6100000002,57.20143815118599,5.0,4.228784203095001E9
HELENE_2024,12103,MEDIUM,14580,36887.39999999971,14580,36887.39999999971,19.19441015089163,3.0,7.56882497595E8
HELENE_2024,12111,HIGH,3645,9221.849999999997,3645,9221.849999999997,84.37283950617284,15.0,6.456412201750001E8
HELENE_2024,12111,LOW,24,60.72,24,60.72,12.3125,1.0,577496.545
HELENE_2024,12111,MEDIUM,38,96.14000000000001,38,96.14000000000001,18.5,1.0,1130766.9899999998
HELENE_2024,12113,HIGH,1940,4908.200000000002,1940,4908.200000000002,87.37242268041237,15.0,3.4330229674999994E8
HELENE_2024,12115,HIGH,18498,46799.93999999961,18498,46799.93999999961,70.769569683209,15.0,2.86909675652E9
HELENE_2024,12115,LOW,2177,5507.810000000003,2114,5348.420000000002,28.316490583371614,4.0,1.1789735771E8
HELENE_2024,12115,MEDIUM,4059,10269.269999999988,4059,10269.269999999988,18.536338999753635,3.0,1.9081138330499998E8
HELENE_2024,12121,HIGH,233,589.4899999999999,233,589.4899999999999,88.9077253218884,15.0,2.1931236654999997E7
HELENE_2024,12123,HIGH,822,2079.6600000000003,822,2079.6600000000003,85.05900243309003,15.0,6.0588535085E7
HELENE_2024,12123,LOW,1783,4510.990000000002,1550,3921.500000000001,64.89287717330342,5.0,1.0248689295E8
HELENE_2024,12123,MEDIUM,70,177.10000000000005,70,177.10000000000005,19.142857142857142,3.0,1687307.1050000002
HELENE_2024,12129,HIGH,1197,3028.4100000000008,1197,3028.4100000000008,80.85797827903092,15.0,1.0760424197E8
HELENE_2024,12129,LOW,536,1356.0800000000004,305,771.6499999999996,23.683768656716417,5.0,1.6535583479999997E7
HELENE_2024,12129,MEDIUM,191,483.22999999999996,191,483.22999999999996,18.484293193717278,3.0,4678535.815
HELENE_2024,12131,HIGH,1775,4490.750000000002,1775,4490.750000000002,80.90676056338029,15.0,2.3308880233999994E8
HELENE_2024,12133,HIGH,556,1406.68,556,1406.68,81.55575539568345,15.0,4.8855796690000005E7
IAN_2022,12019,HIGH,1435,3630.5500000000006,1435,3630.5500000000006,86.12439024390244,15.0,2.2896823808499998E8
IAN_2022,12019,LOW,4,10.12,4,10.12,9.875,1.0,98962.695
IAN_2022,12019,MEDIUM,2,5.06,2,5.06,18.5,1.0,110346.57999999999
IAN_2022,12031,HIGH,5464,13823.919999999956,5464,13823.919999999956,82.8643850658858,15.0,1.08903042769E9
IAN_2022,12031,LOW,50,126.50000000000004,50,126.50000000000004,9.55,1.0,1169341.48
IAN_2022,12031,MEDIUM,23,58.19000000000002,23,58.19000000000002,18.17391304347826,2.0,904788.8450000003
IAN_2022,12035,HIGH,676,1710.2800000000004,676,1710.2800000000004,86.9008875739645,15.0,1.1936936009999998E8
IAN_2022,12035,LOW,120,303.6,120,303.6,6.908333333333333,2.0,1646385.9400000004
IAN_2022,12035,MEDIUM,87,220.11000000000004,87,220.11000000000004,18.5,2.0,2832803.6199999996
IAN_2022,12069,HIGH,160,404.79999999999995,160,404.79999999999995,78.671875,2.0,7866119.5
IAN_2022,12069,LOW,94,237.82000000000008,94,237.82000000000008,9.00531914893617,2.0,1410234.4100000004
IAN_2022,12069,MEDIUM,60,151.80000000000004,60,151.80000000000004,18.441666666666666,2.0,1437251.9650000003
IAN_2022,12089,HIGH,894,2261.8200000000006,894,2261.8200000000006,85.21252796420582,15.0,1.2427966167500001E8
IAN_2022,12089,LOW,28,70.84000000000002,28,70.84000000000002,8.642857142857142,2.0,549452.1500000001
IAN_2022,12089,MEDIUM,9,22.77,9,22.77,18.5,2.0,321290.61
IAN_2022,12107,HIGH,781,1975.93,781,1975.93,84.38860435339309,15.0,7.174928996499997E7
IAN_2022,12107,LOW,70,177.10000000000005,70,177.10000000000005,9.321428571428571,2.0,1330076.9300000006
IAN_2022,12107,MEDIUM,23,58.19000000000001,23,58.19000000000001,18.26086956521739,2.0,664934.135
IAN_2022,12109,HIGH,3724,9421.719999999998,3724,9421.719999999998,81.58807733619764,15.0,8.304444051599998E8
IAN_2022,12109,LOW,88,222.64000000000007,88,222.64000000000007,11.306818181818182,3.0,3183635.475000001
IAN_2022,12109,MEDIUM,86,217.58000000000004,86,217.58000000000004,18.290697674418606,3.0,4432618.245
IAN_2022,12127,HIGH,1088,2752.6400000000017,1088,2752.6400000000017,82.31341911764706,15.0,2.0825254656500003E8
IAN_2022,12127,LOW,424,1072.72,424,1072.72,9.846698113207546,2.0,8540349.42
IAN_2022,12127,MEDIUM,493,1247.29,493,1247.29,18.225152129817445,2.0,1.5799886120000001E7
IAN_2022,37013,HIGH,2007,5077.710000000002,2007,5077.710000000002,80.34304932735427,15.0,1.9886727926999998E8
IAN_2022,37013,LOW,579,1464.8700000000001,579,1464.8700000000001,9.094991364421416,3.0,9456360.804999998
IAN_2022,37013,MEDIUM,535,1353.5500000000002,535,1353.5500000000002,18.41214953271028,3.0,1.6597090945000002E7
IAN_2022,37015,HIGH,439,1110.67,439,1110.67,85.4760820045558,15.0,4.546904004E7
IAN_2022,37015,LOW,1,2.53,1,2.53,11.0,2.0,5558.63
IAN_2022,37015,MEDIUM,1,2.53,1,2.53,18.5,1.0,21508.84
IAN_2022,37017,HIGH,130,328.90000000000003,130,328.90000000000003,77.43076923076923,15.0,1.3564835334999999E7
IAN_2022,37019,HIGH,3074,7777.220000000003,3074,7777.220000000003,79.75975927130774,15.0,4.200768093449999E8
IAN_2022,37019,LOW,185,468.04999999999984,182,460.45999999999987,8.632432432432433,4.0,3618146.89
IAN_2022,37019,MEDIUM,125,316.24999999999994,125,316.24999999999994,18.388,3.0,5333698.385000002
IAN_2022,37029,HIGH,348,880.4399999999998,348,880.4399999999998,91.02155172413794,15.0,4.64997784E7
IAN_2022,37029,LOW,20,50.60000000000001,20,50.60000000000001,7.025,2.0,271253.42
IAN_2022,37029,MEDIUM,1,2.53,1,2.53,18.5,2.0,25470.245
IAN_2022,37031,HIGH,1669,4222.5700000000015,1669,4222.5700000000015,82.25853804673457,15.0,1.8860938813E8
IAN_2022,37031,LOW,491,1242.2300000000002,491,1242.2300000000002,7.917515274949084,3.0,7361702.704999999
IAN_2022,37031,MEDIUM,173,437.68999999999994,173,437.68999999999994,18.239884393063583,2.0,5345138.95
IAN_2022,37041,HIGH,409,1034.7700000000002,409,1034.7700000000002,89.46088019559902,15.0,4.508902906000002E7
IAN_2022,37041,LOW,8,20.24,8,20.24,10.4375,1.0,127585.82
IAN_2022,37041,MEDIUM,11,27.830000000000002,11,27.830000000000002,18.5,1.0,285933.41000000003
IAN_2022,37047,HIGH,641,1621.7300000000005,641,1621.7300000000005,87.22932917316693,15.0,6.8511486815E7
IAN_2022,37049,HIGH,1658,4194.74,1658,4194.74,89.57599517490954,15.0,1.96383855415E8
IAN_2022,37049,LOW,311,786.8299999999997,311,786.8299999999997,7.914790996784566,2.0,4049717.4549999996
IAN_2022,37049,MEDIUM,156,394.67999999999984,156,394.67999999999984,18.17948717948718,2.0,4819192.444999999
IAN_2022,37053,HIGH,1005,2542.65,1005,2542.65,82.3502487562189,15.0,1.543695649E8
IAN_2022,37053,LOW,5,12.649999999999999,5,12.649999999999999,9.1,1.0,91106.835
IAN_2022,37055,HIGH,1676,4240.280000000001,1676,4240.280000000001,74.8371121718377,15.0,2.3159660101500008E8
IAN_2022,37055,LOW,60,151.80000000000004,60,151.80000000000004,6.608333333333333,2.0,813857.2899999999
IAN_2022,37055,MEDIUM,48,121.44000000000004,48,121.44000000000004,18.4375,2.0,1469158.93
IAN_2022,37073,HIGH,212,536.3599999999998,212,536.3599999999998,85.86556603773585,15.0,2.064737556E7
IAN_2022,37073,LOW,7,17.709999999999997,7,17.709999999999997,10.071428571428571,1.0,117651.19
IAN_2022,37073,MEDIUM,2,5.06,2,5.06,18.5,1.0,62911.655
IAN_2022,37079,HIGH,218,551.54,218,551.54,86.65825688073394,15.0,2.7536627775000002E7
IAN_2022,37091,HIGH,218,551.5399999999998,218,551.5399999999998,82.65825688073394,15.0,2.5489112865000002E7
IAN_2022,37091,LOW,15,37.95,15,37.95,10.533333333333333,2.0,273036.44999999995
IAN_2022,37091,MEDIUM,9,22.769999999999996,9,22.769999999999996,18.055555555555557,2.0,406887.745
IAN_2022,37095,HIGH,664,1679.9200000000005,664,1679.9200000000005,87.52484939759036,15.0,5.775432166499999E7
IAN_2022,37095,LOW,395,999.3499999999999,395,999.3499999999999,7.9569620253164555,2.0,4370794.010000001
IAN_2022,37095,MEDIUM,134,339.02,134,339.02,18.28731343283582,2.0,3274323.555
IAN_2022,37103,HIGH,202,511.05999999999995,202,511.05999999999995,87.89851485148515,15.0,2.1144158945E7
IAN_2022,37107,HIGH,473,1196.6900000000003,473,1196.6900000000003,85.21353065539112,15.0,5.525428361E7
IAN_2022,37117,HIGH,1142,2889.260000000001,1142,2889.260000000001,81.8292469352014,15.0,1.3522319594E8
IAN_2022,37117,LOW,1,2.53,1,2.53,11.5,1.0,22411.2
IAN_2022,37129,HIGH,1589,4020.1700000000014,1589,4020.1700000000014,62.564505978602895,15.0,2.5837962254999998E8
IAN_2022,37129,LOW,256,647.6800000000001,256,647.6800000000001,12.810546875,3.0,1.0415654519999998E7
IAN_2022,37129,MEDIUM,128,323.84000000000003,128,323.84000000000003,17.6875,3.0,7285157.284999999
IAN_2022,37131,HIGH,122,308.66,122,308.66,90.6639344262295,15.0,9791783.84
IAN_2022,37133,HIGH,2430,6147.900000000002,2430,6147.900000000002,80.4074074074074,15.0,2.9042057462E8
IAN_2022,37133,LOW,321,812.13,321,812.13,10.903426791277258,3.0,7432931.045000001
IAN_2022,37133,MEDIUM,226,571.7799999999999,226,571.7799999999999,18.190265486725664,2.0,7845620.805000001
IAN_2022,37137,HIGH,800,2024.0000000000005,800,2024.0000000000005,88.075625,15.0,8.429293672000001E7
IAN_2022,37137,LOW,240,607.2,240,607.2,7.858333333333333,2.0,3118159.605
IAN_2022,37137,MEDIUM,66,166.98000000000005,66,166.98000000000005,18.272727272727273,2.0,1804109.9400000002
IAN_2022,37139,HIGH,475,1201.75,475,1201.75,83.46315789473684,15.0,6.270047741500001E7
IAN_2022,37139,LOW,84,212.52000000000007,84,212.52000000000007,7.5476190476190474,2.0,1105311.53
IAN_2022,37139,MEDIUM,15,37.95,15,37.95,18.533333333333335,2.0,498623.255
IAN_2022,37141,HIGH,1930,4882.900000000002,1930,4882.900000000002,85.50725388601036,15.0,2.2771603646000004E8
IAN_2022,37141,LOW,28,70.84000000000002,28,70.84000000000002,9.607142857142858,2.0,524157.155
IAN_2022,37141,MEDIUM,35,88.55000000000001,35,88.55000000000001,18.314285714285713,2.0,981337.1699999999
IAN_2022,37143,HIGH,678,1715.34,678,1715.34,88.09292035398231,15.0,9.293494722500004E7
IAN_2022,37143,LOW,18,45.540000000000006,18,45.540000000000006,7.444444444444445,2.0,253908.76500000004
IAN_2022,37143,MEDIUM,1,2.53,1,2.53,17.0,2.0,17914.260000000002
IAN_2022,37147,HIGH,1678,4245.340000000001,1678,4245.340000000001,81.57836710369487,15.0,2.3597949886499998E8
IAN_2022,37147,LOW,7,17.709999999999997,7,17.709999999999997,11.071428571428571,2.0,97991.17500000002
IAN_2022,37147,MEDIUM,5,12.649999999999999,5,12.649999999999999,18.2,2.0,131132.18
IAN_2022,37177,HIGH,473,1196.69,473,1196.69,84.50739957716702,15.0,4.5820878405E7
IAN_2022,37177,LOW,80,202.40000000000006,80,202.40000000000006,7.50625,2.0,936918.7449999999
IAN_2022,37177,MEDIUM,19,48.070000000000014,19,48.070000000000014,18.42105263157895,2.0,473940.955
IAN_2022,37187,HIGH,435,1100.5500000000004,435,1100.5500000000004,91.50689655172414,15.0,8.4476188865E7
IAN_2022,37187,MEDIUM,1,2.53,1,2.53,17.0,2.0,17398.48
IAN_2022,45009,HIGH,1,2.53,1,2.53,43.5,15.0,80123.085
IAN_2022,45013,HIGH,4471,11311.629999999981,4471,11311.629999999981,75.63889510176695,15.0,8.733846192199999E8
IAN_2022,45013,LOW,926,2342.7800000000007,926,2342.7800000000007,10.028617710583154,3.0,2.5757880855000004E7
IAN_2022,45013,MEDIUM,709,1793.7700000000004,709,1793.7700000000004,18.38716502115656,3.0,3.593478066500001E7
IAN_2022,45015,HIGH,4239,10724.669999999984,4239,10724.669999999984,78.31304552960604,15.0,6.910558759950001E8
IAN_2022,45015,LOW,587,1485.1100000000004,587,1485.1100000000004,10.055366269165248,3.0,2.349235120000001E7
IAN_2022,45015,MEDIUM,271,685.63,271,685.63,18.28782287822878,3.0,1.7059555245E7
IAN_2022,45019,HIGH,10968,27749.039999999808,10968,27749.039999999808,59.26244529540482,15.0,1.8504934810749993E9
IAN_2022,45019,LOW,7945,20100.849999999886,7945,20100.849999999886,12.153052234109502,4.0,3.38726810165E8
IAN_2022,45019,MEDIUM,9433,23865.489999999845,9433,23865.489999999845,18.57441959079826,3.0,6.0446831406E8
IAN_2022,45027,HIGH,1,2.53,1,2.53,100.0,15.0,76319.0
IAN_2022,45029,HIGH,2229,5639.370000000001,2229,5639.370000000001,82.1164199192463,15.0,2.7732558443499994E8
IAN_2022,45029,LOW,169,427.56999999999994,169,427.56999999999994,8.606508875739644,3.0,3795837.920000001
IAN_2022,45029,MEDIUM,157,397.2099999999999,157,397.2099999999999,18.378980891719745,3.0,6518477.044999997
IAN_2022,45035,HIGH,2733,6914.490000000002,2733,6914.490000000002,78.22502744237102,15.0,4.704203262099999E8
IAN_2022,45035,LOW,8,20.24,8,20.24,10.6875,1.0,259686.525
IAN_2022,45035,MEDIUM,5,12.649999999999999,5,12.649999999999999,18.1,2.0,361355.14999999997
IAN_2022,45043,HIGH,2367,5988.510000000003,2367,5988.510000000003,69.71778622729192,15.0,3.4259272782E8
IAN_2022,45043,LOW,910,2302.3000000000006,888,2246.6400000000003,11.31978021978022,4.0,3.30339497E7
IAN_2022,45043,MEDIUM,672,1700.16,672,1700.16,18.488095238095237,3.0,3.751362742499999E7
IAN_2022,45049,HIGH,507,1282.71,507,1282.71,86.29585798816568,15.0,6.620021910500001E7
IAN_2022,45051,HIGH,6587,16665.109999999917,6587,16665.109999999917,80.46257780476697,15.0,8.206994976449999E8
IAN_2022,45051,LOW,677,1712.81,641,1621.73,12.802067946824225,4.0,1.9957951110000003E7
IAN_2022,45051,MEDIUM,767,1940.5100000000007,767,1940.5100000000007,18.483050847457626,3.0,5.971494727499999E7
IAN_2022,45053,HIGH,668,1690.0400000000002,668,1690.0400000000002,82.8869760479042,15.0,6.459276177E7
IAN_2022,45067,HIGH,242,612.2599999999999,242,612.2599999999999,77.87809917355372,15.0,2.900967225E7
IAN_2022,45089,HIGH,2795,7071.350000000003,2795,7071.350000000003,83.52826475849731,15.0,2.6900383346500003E8
IDALIA_2023,12009,HIGH,11893,30089.289999999775,11893,30089.289999999775,81.04855797527958,15.0,2.54203282853E9
IDALIA_2023,12011,HIGH,7541,19078.729999999898,7541,19078.729999999898,81.44403925208859,15.0,1.4073963345350003E9
IDALIA_2023,12019,HIGH,1435,3630.550000000002,1435,3630.550000000002,86.12439024390244,15.0,2.2896823808500004E8
IDALIA_2023,12031,HIGH,5455,13801.149999999952,5455,13801.149999999952,82.88423464711273,15.0,1.08835977909E9
IDALIA_2023,12031,LOW,5,12.649999999999999,5,12.649999999999999,11.6,1.0,165430.12
IDALIA_2023,12031,MEDIUM,1,2.53,1,2.53,18.5,1.0,176642.30000000002
IDALIA_2023,12035,HIGH,636,1609.0800000000004,636,1609.0800000000004,87.90487421383648,15.0,1.17074308975E8
IDALIA_2023,12035,LOW,4,10.12,4,10.12,7.125,1.0,50159.145000000004
IDALIA_2023,12035,MEDIUM,1,2.53,1,2.53,18.5,1.0,20817.495
IDALIA_2023,12061,HIGH,3683,9317.99,3683,9317.99,85.63670920445288,15.0,6.777155634249998E8
IDALIA_2023,12069,HIGH,3,7.59,3,7.59,75.0,1.0,120359.25
IDALIA_2023,12069,LOW,2,5.06,2,5.06,8.75,1.0,26956.210000000003
IDALIA_2023,12085,HIGH,2407,6089.710000000003,2407,6089.710000000003,85.52098047361861,15.0,5.2982123811999995E8
IDALIA_2023,12086,HIGH,5298,13403.939999999959,5298,13403.939999999959,81.70101925254814,15.0,1.4027264483250003E9
IDALIA_2023,12087,HIGH,1915,4844.95,1915,4844.95,75.5556135770235,15.0,3.935279905850001E8
IDALIA_2023,12089,HIGH,876,2216.2800000000007,876,2216.2800000000007,85.57648401826484,15.0,1.2324378444999999E8
IDALIA_2023,12089,LOW,7,17.709999999999997,7,17.709999999999997,8.071428571428571,1.0,177994.745
IDALIA_2023,12089,MEDIUM,2,5.06,2,5.06,18.5,1.0,62672.634999999995
IDALIA_2023,12099,HIGH,9237,23369.609999999855,9237,23369.609999999855,82.5889358016672,15.0,2.0881633248849995E9
IDALIA_2023,12107,HIGH,668,1690.0400000000009,668,1690.0400000000009,85.69610778443113,15.0,6.608924734E7
IDALIA_2023,12109,HIGH,3680,9310.399999999996,3680,9310.399999999996,81.70013586956522,15.0,8.2781372476E8
IDALIA_2023,12109,LOW,8,20.24,8,20.24,10.625,2.0,440015.10500000004
IDALIA_2023,12109,MEDIUM,8,20.24,8,20.24,18.375,2.0,875349.68
IDALIA_2023,12111,HIGH,3642,9214.260000000002,3642,9214.260000000002,84.38056013179572,15.0,6.45525351175E8
IDALIA_2023,12127,HIGH,1474,3729.2200000000007,1474,3729.2200000000007,85.56105834464043,15.0,2.6716955129499996E8
IDALIA_2023,12127,LOW,2,5.06,2,5.06,13.5,1.0,10032.93
IDALIA_2023,12127,MEDIUM,11,27.830000000000002,11,27.830000000000002,16.227272727272727,2.0,147086.00999999998
IDALIA_2023,13025,HIGH,502,1270.06,502,1270.06,87.71513944223108,15.0,5.847038949499999E7
IDALIA_2023,13029,HIGH,977,2471.8100000000013,977,2471.8100000000013,79.22006141248721,15.0,1.7813819219000006E8
IDALIA_2023,13039,HIGH,1530,3870.9,1530,3870.9,84.4297385620915,15.0,2.8975667006E8
IDALIA_2023,13039,LOW,3,7.59,3,7.59,7.833333333333333,1.0,52041.47
IDALIA_2023,13039,MEDIUM,1,2.53,1,2.53,18.5,1.0,45026.78
IDALIA_2023,13049,HIGH,95,240.35000000000008,95,240.35000000000008,89.45263157894736,15.0,1.1398558635000002E7
IDALIA_2023,13051,HIGH,3421,8655.13,3421,8655.13,78.81175095001461,15.0,7.39433065485E8
IDALIA_2023,13051,LOW,43,108.79000000000003,43,108.79000000000003,7.4186046511627906,2.0,1106439.925
IDALIA_2023,13051,MEDIUM,12,30.360000000000003,12,30.360000000000003,18.5,2.0,883588.6749999998
IDALIA_2023,13103,HIGH,1326,3354.7800000000016,1326,3354.7800000000016,83.07466063348416,15.0,2.1352581993000004E8
IDALIA_2023,13127,HIGH,1727,4369.310000000001,1727,4369.310000000001,83.328025477707,15.0,2.6294822307499996E8
IDALIA_2023,13127,LOW,19,48.07000000000001,19,48.07000000000001,7.578947368421052,2.0,388431.51
IDALIA_2023,13127,MEDIUM,7,17.709999999999997,7,17.709999999999997,18.5,1.0,260285.01
IDALIA_2023,13179,HIGH,1989,5032.17,1989,5032.17,81.65987933634993,15.0,4.865694989549999E8
IDALIA_2023,13179,LOW,4,10.12,4,10.12,8.0,2.0,118143.6
IDALIA_2023,13179,MEDIUM,1,2.53,1,2.53,18.5,1.0,118244.415
IDALIA_2023,13183,HIGH,289,731.1700000000001,289,731.1700000000001,87.25778546712803,15.0,4.247437689E7
IDALIA_2023,13191,HIGH,704,1781.1200000000001,704,1781.1200000000001,84.95951704545455,15.0,1.15366889745E8
IDALIA_2023,13191,LOW,5,12.649999999999999,5,12.649999999999999,9.6,1.0,83749.52
IDALIA_2023,13191,MEDIUM,2,5.06,2,5.06,18.5,1.0,101163.92
IDALIA_2023,13305,HIGH,695,1758.3500000000001,695,1758.3500000000001,86.56258992805755,15.0,7.9265671105E7
IDALIA_2023,45009,HIGH,1,2.53,1,2.53,43.5,15.0,80123.085
IDALIA_2023,45013,HIGH,4114,10408.419999999993,4114,10408.419999999993,78.3028682547399,15.0,8.446009029699999E8
IDALIA_2023,45013,LOW,497,1257.4099999999999,497,1257.4099999999999,9.670020120724345,3.0,1.4689939569999995E7
IDALIA_2023,45013,MEDIUM,333,842.4900000000001,333,842.4900000000001,18.465465465465467,3.0,1.7461559280000005E7
IDALIA_2023,45015,HIGH,4159,10522.269999999988,4159,10522.269999999988,78.9402500601106,15.0,6.817261740449998E8
IDALIA_2023,45015,LOW,245,619.85,245,619.85,10.216326530612244,2.0,9873681.245
IDALIA_2023,45015,MEDIUM,93,235.29000000000005,93,235.29000000000005,18.381720430107528,2.0,5756460.4849999985
IDALIA_2023,45019,HIGH,6484,16404.51999999993,6484,16404.51999999993,68.98712214682295,15.0,1.2785733680549998E9
IDALIA_2023,45019,LOW,4019,10168.069999999992,4019,10168.069999999992,11.989425230156755,3.0,1.7404254408E8
IDALIA_2023,45019,MEDIUM,2935,7425.550000000004,2935,7425.550000000004,18.352640545144805,3.0,1.87773294675E8
IDALIA_2023,45027,HIGH,1,2.53,1,2.53,100.0,15.0,76319.0
IDALIA_2023,45029,HIGH,2204,5576.12,2204,5576.12,82.66061705989111,15.0,2.74876460945E8
IDALIA_2023,45029,LOW,169,427.57,169,427.57,8.467455621301776,3.0,3687040.6700000004
IDALIA_2023,45029,MEDIUM,142,359.2599999999999,142,359.2599999999999,18.369718309859156,3.0,5822554.23
IDALIA_2023,45035,HIGH,2733,6914.4900000000025,2733,6914.4900000000025,78.22502744237102,15.0,4.7042032621000004E8
IDALIA_2023,45043,HIGH,1568,3967.0400000000022,1568,3967.0400000000022,80.20758928571429,15.0,2.5732083153499997E8
IDALIA_2023,45043,LOW,11,27.830000000000005,11,27.830000000000005,6.590909090909091,1.0,177477.72
IDALIA_2023,45043,MEDIUM,5,12.649999999999999,5,12.649999999999999,18.5,1.0,235807.66
IDALIA_2023,45049,HIGH,507,1282.7100000000003,507,1282.7100000000003,86.29585798816568,15.0,6.620021910499999E7
IDALIA_2023,45051,HIGH,5704,14431.119999999946,5704,14431.119999999946,84.29900070126227,15.0,7.532581082650001E8
IDALIA_2023,45051,LOW,26,65.78000000000002,26,65.78000000000002,10.788461538461538,2.0,639548.2000000002
IDALIA_2023,45051,MEDIUM,22,55.66000000000001,22,55.66000000000001,18.386363636363637,2.0,1338605.66
IDALIA_2023,45053,HIGH,669,1692.5700000000004,669,1692.5700000000004,82.91255605381166,15.0,6.470847577E7
IDALIA_2023,45053,LOW,3,7.59,3,7.59,6.0,1.0,19413.9
IDALIA_2023,45067,HIGH,242,612.26,242,612.26,77.87809917355372,15.0,2.900967225E7
IDALIA_2023,45089,HIGH,2795,7071.350000000002,2795,7071.350000000002,83.52826475849731,15.0,2.69003833465E8
IDA_2021,01003,HIGH,4666,11804.979999999976,4666,11804.979999999976,81.74903557651093,15.0,7.623439875150001E8
IDA_2021,01003,LOW,2,5.06,2,5.06,6.5,1.0,25572.03
IDA_2021,01025,HIGH,28,70.84000000000002,28,70.84000000000002,77.91071428571429,15.0,2300420.555
IDA_2021,01053,HIGH,1,2.53,1,2.53,100.0,15.0,54051.0
IDA_2021,01097,HIGH,6207,15703.709999999934,6207,15703.709999999934,82.9494119542452,15.0,9.709516770899999E8
IDA_2021,01097,LOW,29,73.37,29,73.37,10.982758620689655,1.0,878611.5750000001
IDA_2021,01097,MEDIUM,25,63.250000000000014,25,63.250000000000014,18.44,2.0,1084347.8800000001
IDA_2021,01099,HIGH,1,2.53,1,2.53,42.5,15.0,55536.875
IDA_2021,01129,HIGH,390,986.6999999999999,390,986.6999999999999,89.90128205128205,15.0,4.6375848410000004E7
IDA_2021,22001,HIGH,547,1383.9100000000005,547,1383.9100000000005,86.3400365630713,15.0,9.8927827565E7
IDA_2021,22001,MEDIUM,1,2.53,1,2.53,18.5,1.0,22564.635
IDA_2021,22003,HIGH,329,832.3700000000001,329,832.3700000000001,86.64437689969606,15.0,6.851907153E7
IDA_2021,22005,HIGH,2865,7248.450000000001,2865,7248.450000000001,80.74205933682373,15.0,4.3156226825000006E8
IDA_2021,22005,LOW,546,1381.38,546,1381.38,9.255494505494505,3.0,1.5549004330000004E7
IDA_2021,22005,MEDIUM,314,794.4199999999998,314,794.4199999999998,18.40286624203822,3.0,1.2336337295E7
IDA_2021,22007,HIGH,1055,2669.1499999999996,1055,2669.1499999999996,83.31421800947868,15.0,1.0437510013E8
IDA_2021,22007,LOW,270,683.1,270,683.1,8.322222222222223,2.0,5007899.710000001
IDA_2021,22007,MEDIUM,234,592.0199999999999,234,592.0199999999999,18.284188034188034,2.0,7772087.959999999
IDA_2021,22011,HIGH,398,1006.94,398,1006.94,84.81281407035176,15.0,4.668261726499999E7
IDA_2021,22019,HIGH,1980,5009.4000000000015,1980,5009.4000000000015,82.34217171717172,15.0,3.652286451049998E8
IDA_2021,22019,LOW,2,5.06,2,5.06,5.75,1.0,20615.5
IDA_2021,22019,MEDIUM,4,10.12,4,10.12,18.5,1.0,101199.25499999999
IDA_2021,22023,HIGH,500,1265.0000000000002,500,1265.0000000000002,92.482,15.0,6.665564780499999E7
IDA_2021,22023,LOW,13,32.89,13,32.89,7.230769230769231,1.0,185782.21000000002
IDA_2021,22023,MEDIUM,9,22.77,9,22.77,18.5,1.0,254542.79500000004
IDA_2021,22033,HIGH,3076,7782.2800000000025,3076,7782.2800000000025,89.23244473342002,15.0,5.683722310799999E8
IDA_2021,22039,HIGH,319,807.07,319,807.07,82.19592476489028,15.0,4.4982905970000006E7
IDA_2021,22045,HIGH,293,741.2900000000001,293,741.2900000000001,87.47269624573379,15.0,5.0320309114999995E7
IDA_2021,22047,HIGH,835,2112.55,835,2112.55,80.88922155688623,15.0,1.2421573628500001E8
IDA_2021,22047,LOW,7,17.709999999999997,7,17.709999999999997,8.5,1.0,251491.645
IDA_2021,22047,MEDIUM,3,7.59,3,7.59,18.5,1.0,141304.295
IDA_2021,22051,HIGH,1112,2813.3600000000006,1112,2813.3600000000006,74.77338129496403,15.0,1.6662178656999993E8
IDA_2021,22051,LOW,113585,287370.04999999126,108363,274158.38999999233,80.47098648589163,7.0,1.9081873023084995E10
IDA_2021,22051,MEDIUM,122,308.65999999999997,122,308.65999999999997,17.83606557377049,3.0,7563350.789999999
IDA_2021,22053,HIGH,150,379.49999999999994,150,379.49999999999994,86.82666666666667,15.0,3.3461784939999998E7
IDA_2021,22053,LOW,2,5.06,2,5.06,8.75,1.0,23697.82
IDA_2021,22055,HIGH,587,1485.11,587,1485.11,88.51362862010221,15.0,1.09412095115E8
IDA_2021,22057,HIGH,7650,19354.49999999989,7650,19354.49999999989,69.3318954248366,15.0,6.35206696225E8
IDA_2021,22057,LOW,9653,24422.089999999833,7329,18542.369999999908,60.98000621568424,7.0,8.183488259650003E8
IDA_2021,22057,MEDIUM,2395,6059.350000000002,2395,6059.350000000002,18.477453027139873,3.0,8.538479139E7
IDA_2021,22063,HIGH,6113,15465.889999999932,6113,15465.889999999932,82.28643873711762,15.0,8.587763560099999E8
IDA_2021,22063,LOW,419,1060.07,419,1060.07,18.186157517899762,4.0,1.9755537260000005E7
IDA_2021,22063,MEDIUM,320,809.5999999999999,320,809.5999999999999,17.9890625,3.0,1.7978379724999998E7
IDA_2021,22071,HIGH,116,293.47999999999996,116,293.47999999999996,83.53879310344827,15.0,1.863703554E7
IDA_2021,22071,LOW,107754,272617.61999999254,102653,259712.08999999386,76.48554578020305,7.0,1.7705887608534996E10
IDA_2021,22071,MEDIUM,46,116.38000000000004,46,116.38000000000004,18.554347826086957,2.0,2405805.6699999995
IDA_2021,22075,HIGH,282,713.4599999999999,282,713.4599999999999,76.92021276595744,15.0,2.9176808505E7
IDA_2021,22075,LOW,6905,17469.64999999991,6904,17467.11999999991,85.97755249818972,7.0,1.1661536147549999E9
IDA_2021,22075,MEDIUM,16,40.480000000000004,16,40.480000000000004,19.125,3.0,625431.81
IDA_2021,22077,HIGH,563,1424.3900000000003,563,1424.3900000000003,88.77175843694494,15.0,7.926429166499996E7
IDA_2021,22087,HIGH,175,442.74999999999983,175,442.74999999999983,65.34,15.0,1.8756339679999996E7
IDA_2021,22087,LOW,14439,36530.66999999972,14439,36530.66999999972,77.85005886834269,7.0,2.11134322211E9
IDA_2021,22087,MEDIUM,50,126.50000000000003,50,126.50000000000003,17.23,3.0,1913453.46
IDA_2021,22089,HIGH,1828,4624.84,1828,4624.84,63.62144420131291,15.0,2.0956175144499996E8
IDA_2021,22089,LOW,14042,35526.25999999973,14042,35526.25999999973,80.79190998433272,7.0,2.6592519459449997E9
IDA_2021,22089,MEDIUM,343,867.7900000000001,343,867.7900000000001,18.620991253644316,3.0,1.4173564650000002E7
IDA_2021,22093,HIGH,827,2092.3100000000004,827,2092.3100000000004,63.55985489721886,15.0,1.2872305220499998E8
IDA_2021,22093,LOW,230,581.8999999999999,230,581.8999999999999,9.410869565217391,3.0,5235370.015
IDA_2021,22093,MEDIUM,335,847.55,335,847.55,18.420895522388058,3.0,2.0277351609999996E7
IDA_2021,22095,HIGH,1592,4027.760000000001,1592,4027.760000000001,54.35521356783919,15.0,1.6149981679999998E8
IDA_2021,22095,LOW,2851,7213.03,2851,7213.03,9.582953349701858,3.0,9.542788629999998E7
IDA_2021,22095,MEDIUM,1871,4733.630000000001,1871,4733.630000000001,18.404329235702832,3.0,8.1306327925E7
IDA_2021,22097,HIGH,999,2527.4700000000003,999,2527.4700000000003,88.80530530530531,15.0,1.3640675334999996E8
IDA_2021,22099,HIGH,1159,2932.270000000001,1159,2932.270000000001,90.79292493528904,15.0,1.3748158567999998E8
IDA_2021,22099,LOW,68,172.04000000000005,68,172.04000000000005,7.669117647058823,2.0,810442.2850000003
IDA_2021,22099,MEDIUM,56,141.68000000000004,56,141.68000000000004,18.392857142857142,2.0,1830180.985
IDA_2021,22101,HIGH,574,1452.2199999999998,574,1452.2199999999998,82.35452961672473,15.0,1.1043678521999997E8
IDA_2021,22101,LOW,11314,28624.41999999979,11314,28624.41999999979,82.56832243238466,7.0,2.30561889327E9
IDA_2021,22101,MEDIUM,151,382.0299999999999,151,382.0299999999999,18.264900662251655,2.0,7158347.419999999
IDA_2021,22103,HIGH,5283,13365.989999999958,5283,13365.989999999958,86.44340336929774,15.0,8.036383039649999E8
IDA_2021,22103,LOW,392,991.7599999999999,392,991.7599999999999,8.29719387755102,3.0,7844714.880000002
IDA_2021,22103,MEDIUM,440,1113.1999999999998,440,1113.1999999999998,18.452272727272728,3.0,2.2012822595000003E7
IDA_2021,22105,HIGH,3485,8817.050000000001,3485,8817.050000000001,80.89081779053085,15.0,5.1541139153499997E8
IDA_2021,22105,LOW,166,419.9799999999999,166,419.9799999999999,16.662650602409638,4.0,6905325.610000001
IDA_2021,22105,MEDIUM,186,470.5799999999999,186,470.5799999999999,18.31989247311828,3.0,7580082.055000002
IDA_2021,22109,HIGH,10453,26446.08999999982,10453,26446.08999999982,65.25925571606237,15.0,1.0084442777449999E9
IDA_2021,22109,LOW,5828,14744.839999999946,5828,14744.839999999946,9.735329444063144,4.0,1.93552541455E8
IDA_2021,22109,MEDIUM,6295,15926.349999999926,6295,15926.349999999926,18.427402700555998,3.0,3.247390549849999E8
IDA_2021,22113,HIGH,278,703.3399999999999,278,703.3399999999999,84.11690647482014,15.0,4.717425467E7
IDA_2021,22113,LOW,6,15.179999999999998,6,15.179999999999998,3.75,1.0,51678.31999999999
IDA_2021,22113,MEDIUM,1,2.53,1,2.53,15.5,1.0,21115.185
IDA_2021,22117,HIGH,1,2.53,1,2.53,100.0,15.0,90543.0
IDA_2021,22121,HIGH,431,1090.43,431,1090.43,92.6508120649652,15.0,8.586333246E7
IDA_2021,28039,HIGH,837,2117.61,837,2117.61,84.1636798088411,15.0,9.617137063499998E7
IDA_2021,28041,HIGH,1,2.53,1,2.53,100.0,15.0,36667.0
IDA_2021,28045,HIGH,1241,3139.730000000002,1241,3139.730000000002,82.94601128122481,15.0,1.9030073301500002E8
IDA_2021,28045,LOW,76,192.28000000000006,76,192.28000000000006,9.894736842105264,3.0,1456166.8950000003
IDA_2021,28045,MEDIUM,58,146.74000000000004,58,146.74000000000004,18.155172413793103,3.0,2404202.125
IDA_2021,28047,HIGH,3111,7870.830000000002,3111,7870.830000000002,83.57232401157184,15.0,4.598803969699999E8
IDA_2021,28047,LOW,207,523.7099999999999,207,523.7099999999999,8.22463768115942,2.0,3957641.4100000006
IDA_2021,28047,MEDIUM,98,247.94000000000008,98,247.94000000000008,18.31122448979592,3.0,4020143.01
IDA_2021,28059,HIGH,3870,9791.099999999995,3870,9791.099999999995,85.49276485788114,15.0,5.485554666999998E8
IDA_2021,28059,LOW,29,73.37000000000002,29,73.37000000000002,8.086206896551724,2.0,560879.13
IDA_2021,28059,MEDIUM,28,70.84,28,70.84,18.392857142857142,2.0,1125949.525
IDA_2021,28109,HIGH,2283,5775.990000000003,2283,5775.990000000003,81.63140604467806,15.0,2.8575392963499993E8
IDA_2021,48351,HIGH,2,5.06,2,5.06,74.75,15.0,754722.78
MICHAEL_2018,13029,HIGH,137,346.61,137,346.61,74.35766423357664,15.0,3.94120713E7
MICHAEL_2018,13051,HIGH,646,1634.3800000000003,646,1634.3800000000003,78.78018575851394,15.0,1.5404558887000003E8
MICHAEL_2018,13051,LOW,10,25.3,10,25.3,7.9,2.0,156933.76
MICHAEL_2018,13051,MEDIUM,4,10.12,4,10.12,18.5,1.0,148194.805
MILTON_2024,12005,HIGH,2089,5285.170000000002,2089,5285.170000000002,85.90761129727142,15.0,2.8715411981499994E8
MILTON_2024,12009,HIGH,11898,30101.93999999977,11898,30101.93999999977,81.03656076651538,15.0,2.5422954046549997E9
MILTON_2024,12009,LOW,41,103.73000000000003,41,103.73000000000003,9.292682926829269,2.0,1202021.68
MILTON_2024,12009,MEDIUM,98,247.94000000000005,98,247.94000000000005,18.48469387755102,2.0,4422166.74
MILTON_2024,12011,HIGH,7544,19086.319999999894,7544,19086.319999999894,81.43736744432661,15.0,1.4081443327150002E9
MILTON_2024,12011,LOW,7,17.709999999999997,7,17.709999999999997,7.142857142857143,1.0,67856.795
MILTON_2024,12011,MEDIUM,6,15.18,6,15.18,18.5,1.0,295524.365
MILTON_2024,12013,HIGH,292,738.7599999999998,292,738.7599999999998,84.91609589041096,15.0,3.875236063E7
MILTON_2024,12015,HIGH,10803,27331.589999999807,10803,27331.589999999807,66.51203369434417,15.0,1.3226888233200002E9
MILTON_2024,12015,LOW,4441,11235.72999999998,4428,11202.839999999982,9.837311416347669,4.0,1.0802938803000005E8
MILTON_2024,12015,MEDIUM,8254,20882.619999999883,8254,20882.619999999883,18.45123576447783,3.0,3.477076056199999E8
MILTON_2024,12017,HIGH,3155,7982.150000000001,3155,7982.150000000001,88.37179080824089,15.0,3.740953092099999E8
MILTON_2024,12017,LOW,34,86.02000000000002,34,86.02000000000002,9.926470588235293,1.0,993230.645
MILTON_2024,12017,MEDIUM,37,93.61000000000003,37,93.61000000000003,18.054054054054053,2.0,3173330.8250000007
MILTON_2024,12019,HIGH,1435,3630.5500000000015,1435,3630.5500000000015,86.12439024390244,15.0,2.28968238085E8
MILTON_2024,12021,HIGH,11467,29011.509999999787,11467,29011.509999999787,85.16037324496381,15.0,2.524666204495001E9
MILTON_2024,12021,LOW,206,521.1799999999998,206,521.1799999999998,8.87621359223301,2.0,3800543.4499999983
MILTON_2024,12021,MEDIUM,99,250.47000000000008,99,250.47000000000008,18.303030303030305,2.0,3562231.5499999993
MILTON_2024,12027,HIGH,1363,3448.3900000000003,1363,3448.3900000000003,85.80961115187087,15.0,2.1449414405999994E8
MILTON_2024,12027,LOW,12,30.36,12,30.36,11.0,3.0,225134.94
MILTON_2024,12027,MEDIUM,15,37.95,15,37.95,18.733333333333334,3.0,372954.24000000005
MILTON_2024,12029,HIGH,468,1184.0400000000004,468,1184.0400000000004,88.89850427350427,15.0,3.8647799695000015E7
MILTON_2024,12031,HIGH,5456,13803.67999999995,5456,13803.67999999995,82.88737170087977,15.0,1.0885961800900002E9
MILTON_2024,12031,LOW,15,37.95,15,37.95,8.533333333333333,1.0,340094.07000000007
MILTON_2024,12031,MEDIUM,6,15.179999999999998,6,15.179999999999998,18.0,1.0,318316.725
MILTON_2024,12033,HIGH,1127,2851.310000000001,1127,2851.310000000001,85.96539485359361,15.0,1.6554159048000002E8
MILTON_2024,12035,HIGH,683,1727.9900000000002,683,1727.9900000000002,86.52269399707174,15.0,1.1968125034999998E8
MILTON_2024,12035,LOW,107,270.71000000000004,107,270.71000000000004,6.724299065420561,2.0,1412128.565
MILTON_2024,12035,MEDIUM,86,217.58000000000007,86,217.58000000000007,18.5,2.0,2664356.31
MILTON_2024,12037,HIGH,762,1927.8600000000004,762,1927.8600000000004,85.43438320209974,15.0,7.7729149655E7
MILTON_2024,12037,LOW,1,2.53,1,2.53,2.5,1.0,8029.925
MILTON_2024,12041,HIGH,229,579.3699999999999,229,579.3699999999999,85.51528384279476,15.0,2.128321556E7
MILTON_2024,12045,HIGH,769,1945.5700000000008,769,1945.5700000000008,85.68400520156047,15.0,7.2966976435E7
MILTON_2024,12049,HIGH,511,1292.83,511,1292.83,88.45205479452055,15.0,6.645889603500001E7
MILTON_2024,12051,HIGH,1123,2841.19,1123,2841.19,90.18432769367764,15.0,1.6802723695499995E8
MILTON_2024,12053,HIGH,1487,3762.11,1487,3762.11,87.34263618022865,15.0,2.21744685765E8
MILTON_2024,12053,LOW,18,45.540000000000006,18,45.540000000000006,7.527777777777778,1.0,161464.275
MILTON_2024,12053,MEDIUM,10,25.3,10,25.3,18.35,2.0,218439.50499999998
MILTON_2024,12057,HIGH,19082,48277.4599999996,19082,48277.4599999996,84.1207944659889,15.0,3.5754720608050003E9
MILTON_2024,12057,LOW,12,30.360000000000007,12,30.360000000000007,8.541666666666666,1.0,187204.92500000002
MILTON_2024,12057,MEDIUM,8,20.24,8,20.24,17.0,1.0,328430.51499999996
MILTON_2024,12061,HIGH,3692,9340.759999999998,3692,9340.759999999998,85.61078006500541,15.0,6.782169189249998E8
MILTON_2024,12061,LOW,11,27.830000000000002,11,27.830000000000002,8.318181818181818,1.0,203609.28500000003
MILTON_2024,12061,MEDIUM,4,10.12,4,10.12,18.5,1.0,133551.705
MILTON_2024,12065,HIGH,327,827.3099999999997,327,827.3099999999997,78.83792048929664,15.0,4.017252147E7
MILTON_2024,12067,HIGH,241,609.73,241,609.73,86.93153526970954,15.0,2.2584324354999997E7
MILTON_2024,12069,HIGH,285,721.0500000000001,285,721.0500000000001,79.07894736842105,2.0,1.472535125E7
MILTON_2024,12069,LOW,120,303.6,120,303.6,9.233333333333333,2.0,1758104.65
MILTON_2024,12069,MEDIUM,105,265.65000000000003,105,265.65000000000003,18.238095238095237,2.0,2552409.6550000003
MILTON_2024,12071,HIGH,10852,27455.559999999805,10852,27455.559999999805,85.26925912274235,15.0,1.9793251994249997E9
MILTON_2024,12071,LOW,977,2471.810000000001,977,2471.810000000001,8.177072671443193,3.0,1.7922989595E7
MILTON_2024,12071,MEDIUM,895,2264.35,895,2264.35,18.345810055865922,3.0,3.2994346055000003E7
MILTON_2024,12073,HIGH,1870,4731.100000000001,1870,4731.100000000001,83.73743315508021,15.0,2.59509277475E8
MILTON_2024,12075,HIGH,364,920.92,364,920.92,87.19368131868131,15.0,3.3042690015E7
MILTON_2024,12075,LOW,1,2.53,1,2.53,6.0,1.0,7211.639999999999
MILTON_2024,12077,HIGH,194,490.82,194,490.82,86.77835051546391,15.0,1.9483283134999998E7
MILTON_2024,12079,HIGH,68,172.04000000000002,68,172.04000000000002,86.7279411764706,15.0,6601824.9
MILTON_2024,12081,HIGH,6271,15865.62999999993,6271,15865.62999999993,88.31390527826503,15.0,1.4137835406499999E9
MILTON_2024,12081,LOW,573,1449.6900000000003,573,1449.6900000000003,7.469458987783595,2.0,1.1853116715E7
MILTON_2024,12081,MEDIUM,487,1232.11,487,1232.11,18.251540041067763,2.0,2.9418284195E7
MILTON_2024,12083,HIGH,56,141.68000000000004,56,141.68000000000004,82.88392857142857,15.0,6912629.429999998
MILTON_2024,12085,HIGH,2407,6089.710000000001,2407,6089.710000000001,85.52098047361861,15.0,5.2982123812E8
MILTON_2024,12085,LOW,21,53.13000000000001,21,53.13000000000001,7.571428571428571,1.0,452502.13000000006
MILTON_2024,12085,MEDIUM,3,7.59,3,7.59,18.5,1.0,269803.07499999995
MILTON_2024,12086,HIGH,5328,13479.839999999956,5328,13479.839999999956,81.72897897897897,15.0,1.41260723291E9
MILTON_2024,12087,HIGH,1934,4893.020000000001,1934,4893.020000000001,75.6406411582213,15.0,3.952304463349999E8
MILTON_2024,12087,LOW,71,179.63000000000005,71,179.63000000000005,9.295774647887324,1.0,1598566.5550000002
MILTON_2024,12087,MEDIUM,28,70.84000000000002,28,70.84000000000002,18.5,1.0,982184.98
MILTON_2024,12089,HIGH,873,2208.69,873,2208.69,85.61282932416952,15.0,1.2313033120000003E8
MILTON_2024,12089,LOW,6,15.179999999999998,6,15.179999999999998,5.833333333333333,1.0,70773.355
MILTON_2024,12089,MEDIUM,8,20.240000000000002,8,20.240000000000002,18.5,2.0,294271.73000000004
MILTON_2024,12091,HIGH,744,1882.3200000000002,744,1882.3200000000002,79.95967741935483,15.0,1.2612127103500001E8
MILTON_2024,12099,HIGH,9241,23379.729999999854,9241,23379.729999999854,82.58565090358186,15.0,2.0887027953850005E9
MILTON_2024,12099,LOW,9,22.769999999999996,9,22.769999999999996,6.722222222222222,1.0,211126.35499999998
MILTON_2024,12099,MEDIUM,18,45.54000000000001,18,45.54000000000001,18.333333333333332,1.0,779373.8549999999
MILTON_2024,12101,HIGH,6038,15276.139999999936,6038,15276.139999999936,84.97474329248095,15.0,1.54700171256E9
MILTON_2024,12101,LOW,66,166.98000000000005,66,166.98000000000005,7.015151515151516,2.0,754094.475
MILTON_2024,12101,MEDIUM,90,227.70000000000007,90,227.70000000000007,18.366666666666667,2.0,2851238.1000000006
MILTON_2024,12103,HIGH,4099,10370.46999999999,4099,10370.46999999999,80.50585508660649,15.0,7.784216290600001E8
MILTON_2024,12103,LOW,29,73.37000000000002,29,73.37000000000002,12.258620689655173,2.0,1097772.215
MILTON_2024,12103,MEDIUM,29,73.37,29,73.37,18.310344827586206,2.0,1343276.5599999998
MILTON_2024,12107,HIGH,734,1857.0200000000002,734,1857.0200000000002,84.7683923705722,15.0,6.925915296499999E7
MILTON_2024,12107,LOW,38,96.14000000000003,38,96.14000000000003,9.263157894736842,2.0,638401.13
MILTON_2024,12107,MEDIUM,13,32.89,13,32.89,18.5,2.0,365756.285
MILTON_2024,12109,HIGH,3705,9373.649999999996,3705,9373.649999999996,81.58407557354926,15.0,8.292660517600001E8
MILTON_2024,12109,LOW,85,215.05000000000007,85,215.05000000000007,11.211764705882352,2.0,3073299.4700000007
MILTON_2024,12109,MEDIUM,75,189.75000000000006,75,189.75000000000006,18.333333333333332,3.0,3959008.990000001
MILTON_2024,12111,HIGH,3647,9226.91,3647,9226.91,84.36769947902386,15.0,6.457066141750001E8
MILTON_2024,12111,LOW,11,27.830000000000002,11,27.830000000000002,13.318181818181818,1.0,293817.69
MILTON_2024,12111,MEDIUM,22,55.66000000000001,22,55.66000000000001,18.5,1.0,632565.505
MILTON_2024,12113,HIGH,1940,4908.200000000001,1940,4908.200000000001,87.37242268041237,15.0,3.4330229675E8
MILTON_2024,12115,HIGH,14941,37800.72999999969,14941,37800.72999999969,71.46021015996251,15.0,2.4213699543150005E9
MILTON_2024,12115,LOW,1923,4865.190000000002,1888,4776.640000000003,21.81149245969839,4.0,7.939857769E7
MILTON_2024,12115,MEDIUM,3766,9527.979999999998,3766,9527.979999999998,18.469198088157196,3.0,1.6688797810999998E8
MILTON_2024,12121,HIGH,233,589.49,233,589.49,88.9077253218884,15.0,2.1931236654999997E7
MILTON_2024,12123,HIGH,442,1118.26,442,1118.26,89.87556561085972,15.0,4.1445174135E7
MILTON_2024,12127,HIGH,1611,4075.8300000000017,1611,4075.8300000000017,82.84729981378027,15.0,2.74953809635E8
MILTON_2024,12127,LOW,497,1257.41,497,1257.41,10.134808853118713,2.0,1.15264211E7
MILTON_2024,12127,MEDIUM,708,1791.2400000000002,708,1791.2400000000002,18.23093220338983,3.0,2.6079006815E7
MILTON_2024,12129,HIGH,656,1659.68,656,1659.68,86.1814024390244,15.0,7.7038877655E7
MILTON_2024,12131,HIGH,1775,4490.75,1775,4490.75,80.90676056338029,15.0,2.3308880234E8
MILTON_2024,12133,HIGH,556,1406.6800000000003,556,1406.6800000000003,81.55575539568345,15.0,4.885579668999999E7
