event,county_fips5,county_name,state,census_pop,pop_affected_low,pop_affected_medium,pop_affected_high,pop_impacted_low,pop_impacted_medium,pop_impacted_high,hh_shelter_low,hh_shelter_medium,hh_shelter_high,hh_feeding_low,hh_feeding_medium,hh_feeding_high
BERYL_2024,22019,Calcasieu Parish,Louisiana,210770,0.0,0.0,27.83,0.0,0.0,27.83,0,0,1,0,0,3
BERYL_2024,48007,Aransas County,Texas,24048,0.0,0.0,1988.5800000000008,0.0,0.0,1988.5800000000008,0,0,99,0,0,239
BERYL_2024,48039,Brazoria County,Texas,374600,35384.57999999972,182.16000000000005,13591.159999999954,34790.02999999973,182.16000000000005,13591.159999999954,348,5,680,1044,13,1631
BERYL_2024,48057,Calhoun County,Texas,20127,0.0,0.0,1191.63,0.0,0.0,1191.63,0,0,60,0,0,143
BERYL_2024,48061,Cameron County,Texas,421854,0.0,2.53,941.16,0.0,2.53,941.16,0,0,47,0,0,113
BERYL_2024,48071,Chambers County,Texas,47037,108.79000000000002,37.95,2659.0300000000007,108.79000000000002,37.95,2659.0300000000007,1,1,133,3,3,319
BERYL_2024,48167,Galveston County,Texas,350801,36717.88999999971,268.18000000000006,7827.820000000003,28442.259999999795,268.18000000000006,7827.820000000003,284,8,391,853,19,939
BERYL_2024,48199,Hardin County,Texas,56576,0.0,0.0,5178.910000000002,0.0,0.0,5178.910000000002,0,0,259,0,0,621
BERYL_2024,48201,Harris County,Texas,4726177,258.06000000000006,131.56000000000003,16988.949999999917,258.06000000000006,131.56000000000003,16988.949999999917,3,4,849,8,9,2039
BERYL_2024,48239,Jackson County,Texas,15010,0.0,0.0,240.35000000000005,0.0,0.0,240.35000000000005,0,0,12,0,0,29
BERYL_2024,48241,Jasper County,Texas,33032,0.0,0.0,796.9499999999999,0.0,0.0,796.9499999999999,0,0,40,0,0,96
BERYL_2024,48245,Jefferson County,Texas,254942,79927.75999999979,60.72000000000001,3316.83,53878.879999999546,60.72000000000001,3316.83,539,2,166,1616,4,398
BERYL_2024,48261,Kenedy County,Texas,116,0.0,0.0,7.59,0.0,0.0,7.59,0,0,0,0,0,1
BERYL_2024,48273,Kleberg County,Texas,30860,0.0,0.0,123.97000000000004,0.0,0.0,123.97000000000004,0,0,6,0,0,15
BERYL_2024,48291,Liberty County,Texas,93523,0.0,0.0,10218.669999999993,0.0,0.0,10218.669999999993,0,0,511,0,0,1226
BERYL_2024,48321,Matagorda County,Texas,36251,1543.3000000000006,814.66,2871.5500000000015,1543.3000000000006,814.66,2871.5500000000015,15,24,144,46,57,345
BERYL_2024,48351,Newton County,Texas,12333,0.0,0.0,1414.2699999999998,0.0,0.0,1414.2699999999998,0,0,71,0,0,170
BERYL_2024,48355,Nueces County,Texas,353245,0.0,0.0,718.5199999999999,0.0,0.0,718.5199999999999,0,0,36,0,0,86
BERYL_2024,48361,Orange County,Texas,84761,27.83,0.0,10739.849999999988,27.83,0.0,10739.849999999988,0,0,537,1,0,1289
BERYL_2024,48391,Refugio County,Texas,6718,0.0,0.0,126.50000000000004,0.0,0.0,126.50000000000004,0,0,6,0,0,15
BERYL_2024,48409,San Patricio County,Texas,68942,0.0,0.0,394.67999999999984,0.0,0.0,394.67999999999984,0,0,20,0,0,47
BERYL_2024,48469,Victoria County,Texas,91209,0.0,0.0,118.91000000000004,0.0,0.0,118.91000000000004,0,0,6,0,0,14
BERYL_2024,48489,Willacy County,Texas,20308,0.0,0.0,17.709999999999997,0.0,0.0,17.709999999999997,0,0,1,0,0,2
DEBBY_2024,12019,Clay County,Florida,219650,0.0,0.0,3630.5500000000006,0.0,0.0,3630.5500000000006,0,0,182,0,0,436
DEBBY_2024,12031,Duval County,Florida,995708,7.59,2.53,13801.149999999956,7.59,2.53,13801.149999999956,0,0,690,0,0,1656
DEBBY_2024,12035,Flagler County,Florida,117515,10.12,2.53,1609.0800000000006,10.12,2.53,1609.0800000000006,0,0,80,0,0,193
DEBBY_2024,12069,Lake County,Florida,386829,17.709999999999997,10.12,43.010000000000005,17.709999999999997,10.12,43.010000000000005,0,0,2,1,1,5
DEBBY_2024,12089,Nassau County,Florida,91538,5.06,2.53,2206.16,5.06,2.53,2206.16,0,0,110,0,0,265
DEBBY_2024,12107,Putnam County,Florida,73604,2.53,0.0,1690.0400000000004,2.53,0.0,1690.0400000000004,0,0,85,0,0,203
DEBBY_2024,12109,St. Johns County,Florida,278722,10.12,10.12,9310.4,10.12,10.12,9310.4,0,0,466,0,1,1117
DEBBY_2024,12127,Volusia County,Florida,558520,15.179999999999998,27.83,2469.28,15.179999999999998,27.83,2469.28,0,1,123,0,2,296
DEBBY_2024,13025,Brantley County,Georgia,18105,0.0,0.0,1270.0600000000004,0.0,0.0,1270.0600000000004,0,0,64,0,0,152
DEBBY_2024,13029,Bryan County,Georgia,44995,0.0,0.0,2471.8100000000013,0.0,0.0,2471.8100000000013,0,0,124,0,0,297
DEBBY_2024,13039,Camden County,Georgia,55105,0.0,0.0,3868.370000000001,0.0,0.0,3868.370000000001,0,0,193,0,0,464
DEBBY_2024,13049,Charlton County,Georgia,12547,0.0,0.0,240.35000000000008,0.0,0.0,240.35000000000008,0,0,12,0,0,29
DEBBY_2024,13051,Chatham County,Georgia,296266,12.65,5.06,8652.600000000002,12.65,5.06,8652.600000000002,0,0,433,0,0,1038
DEBBY_2024,13103,Effingham County,Georgia,65314,0.0,0.0,3354.7800000000007,0.0,0.0,3354.7800000000007,0,0,168,0,0,403
DEBBY_2024,13127,Glynn County,Georgia,84566,5.06,0.0,4366.780000000002,5.06,0.0,4366.780000000002,0,0,218,0,0,524
DEBBY_2024,13179,Liberty County,Georgia,65550,7.59,2.53,5032.170000000003,7.59,2.53,5032.170000000003,0,0,252,0,0,604
DEBBY_2024,13183,Long County,Georgia,16804,0.0,0.0,731.1699999999998,0.0,0.0,731.1699999999998,0,0,37,0,0,88
DEBBY_2024,13191,McIntosh County,Georgia,11183,0.0,0.0,1781.1200000000003,0.0,0.0,1781.1200000000003,0,0,89,0,0,214
DEBBY_2024,13305,Wayne County,Georgia,30277,0.0,0.0,1758.35,0.0,0.0,1758.35,0,0,88,0,0,211
DEBBY_2024,37013,Beaufort County,North Carolina,44711,1388.9699999999998,1323.1900000000005,5024.580000000001,1388.9699999999998,1323.1900000000005,5024.580000000001,14,40,251,42,93,603
DEBBY_2024,37015,Bertie County,North Carolina,17818,0.0,0.0,1113.2,0.0,0.0,1113.2,0,0,56,0,0,134
DEBBY_2024,37017,Bladen County,North Carolina,29807,0.0,0.0,328.89999999999986,0.0,0.0,328.89999999999986,0,0,16,0,0,39
DEBBY_2024,37019,Brunswick County,North Carolina,139721,187.22000000000008,111.32000000000002,7579.880000000002,187.22000000000008,111.32000000000002,7579.880000000002,2,3,379,6,8,910
DEBBY_2024,37029,Camden County,North Carolina,10547,118.91000000000004,7.59,905.74,118.91000000000004,7.59,905.74,1,0,45,4,1,109
DEBBY_2024,37031,Carteret County,North Carolina,68353,812.1299999999998,230.23000000000005,4037.880000000001,812.1299999999998,230.23000000000005,4037.880000000001,8,7,202,24,16,485
DEBBY_2024,37041,Chowan County,North Carolina,13835,17.709999999999997,17.709999999999997,1042.36,17.709999999999997,17.709999999999997,1042.36,0,1,52,1,1,125
DEBBY_2024,37047,Columbus County,North Carolina,50827,0.0,0.0,1621.73,0.0,0.0,1621.73,0,0,81,0,0,195
DEBBY_2024,37049,Craven County,North Carolina,101098,837.4300000000002,349.1399999999999,4199.800000000003,837.4300000000002,349.1399999999999,4199.800000000003,8,10,210,25,24,504
DEBBY_2024,37053,Currituck County,North Carolina,28616,22.77,0.0,2545.1800000000003,22.77,0.0,2545.1800000000003,0,0,127,1,0,305
DEBBY_2024,37055,Dare County,North Carolina,37160,197.34000000000003,131.56000000000003,4283.290000000001,197.34000000000003,131.56000000000003,4283.290000000001,2,4,214,6,9,514
DEBBY_2024,37073,Gates County,North Carolina,10509,5.06,7.59,526.2399999999998,5.06,7.59,526.2399999999998,0,0,26,0,1,63
DEBBY_2024,37079,Greene County,North Carolina,20407,0.0,0.0,551.5399999999998,0.0,0.0,551.5399999999998,0,0,28,0,0,66
DEBBY_2024,37091,Hertford County,North Carolina,21633,43.010000000000005,12.65,541.42,43.010000000000005,12.65,541.42,0,0,27,1,1,65
DEBBY_2024,37095,Hyde County,North Carolina,4636,913.33,662.8599999999999,1819.0700000000004,913.33,662.8599999999999,1819.0700000000004,9,20,91,27,46,218
DEBBY_2024,37103,Jones County,North Carolina,9263,0.0,0.0,511.05999999999983,0.0,0.0,511.05999999999983,0,0,26,0,0,61
DEBBY_2024,37107,Lenoir County,North Carolina,55071,0.0,0.0,1196.69,0.0,0.0,1196.69,0,0,60,0,0,144
DEBBY_2024,37117,Martin County,North Carolina,21992,2.53,0.0,2889.2600000000007,2.53,0.0,2889.2600000000007,0,0,144,0,0,347
DEBBY_2024,37129,New Hanover County,North Carolina,228134,432.6299999999998,199.8700000000001,4017.6400000000017,432.6299999999998,199.8700000000001,4017.6400000000017,4,6,201,13,14,482
DEBBY_2024,37131,Northampton County,North Carolina,17528,0.0,0.0,308.65999999999997,0.0,0.0,308.65999999999997,0,0,15,0,0,37
DEBBY_2024,37133,Onslow County,North Carolina,203686,619.8499999999999,313.71999999999997,5912.610000000001,619.8499999999999,313.71999999999997,5912.610000000001,6,9,296,19,22,710
DEBBY_2024,37137,Pamlico County,North Carolina,12317,533.8299999999999,136.62000000000003,1978.4600000000007,533.8299999999999,136.62000000000003,1978.4600000000007,5,4,99,16,10,237
DEBBY_2024,37139,Pasquotank County,North Carolina,40454,419.9799999999999,78.43,1211.87,419.9799999999999,78.43,1211.87,4,2,61,13,5,145
DEBBY_2024,37141,Pender County,North Carolina,61592,53.13000000000001,53.13,4776.640000000001,53.13000000000001,53.13,4776.640000000001,1,2,239,2,4,573
DEBBY_2024,37143,Perquimans County,North Carolina,13053,37.95,2.53,1715.34,37.95,2.53,1715.34,0,0,86,1,0,206
DEBBY_2024,37147,Pitt County,North Carolina,171196,15.179999999999998,15.18,4237.750000000002,15.179999999999998,15.18,4237.750000000002,0,0,212,0,1,509
DEBBY_2024,37177,Tyrrell County,North Carolina,3389,154.33000000000004,48.07000000000001,1201.75,154.33000000000004,48.07000000000001,1201.75,2,1,60,5,3,144
DEBBY_2024,37187,Washington County,North Carolina,11051,0.0,2.53,1100.55,0.0,2.53,1100.55,0,0,55,0,0,132
DEBBY_2024,45009,Bamberg County,South Carolina,13311,0.0,0.0,2.53,0.0,0.0,2.53,0,0,0,0,0,0
DEBBY_2024,45013,Beaufort County,South Carolina,189071,179.63000000000005,139.15000000000003,10092.169999999993,179.63000000000005,139.15000000000003,10092.169999999993,2,4,505,5,10,1211
DEBBY_2024,45015,Berkeley County,South Carolina,231419,144.21,43.01000000000001,10433.71999999999,144.21,43.01000000000001,10433.71999999999,1,1,522,4,3,1252
DEBBY_2024,45019,Charleston County,South Carolina,409840,2760.2300000000005,1750.7600000000004,13694.889999999958,2760.2300000000005,1750.7600000000004,13694.889999999958,28,53,685,83,123,1643
DEBBY_2024,45027,Clarendon County,South Carolina,31163,0.0,0.0,2.53,0.0,0.0,2.53,0,0,0,0,0,0
DEBBY_2024,45029,Colleton County,South Carolina,38561,93.61000000000004,75.90000000000002,5371.1900000000005,93.61000000000004,75.90000000000002,5371.1900000000005,1,2,269,3,5,645
DEBBY_2024,45035,Dorchester County,South Carolina,162139,0.0,0.0,6914.490000000002,0.0,0.0,6914.490000000002,0,0,346,0,0,830
DEBBY_2024,45043,Georgetown County,South Carolina,63594,1181.5100000000002,672.9799999999998,4384.490000000002,1181.5100000000002,672.9799999999998,4384.490000000002,12,20,219,35,47,526
DEBBY_2024,45049,Hampton County,South Carolina,18890,0.0,0.0,1282.7100000000005,0.0,0.0,1282.7100000000005,0,0,64,0,0,154
DEBBY_2024,45051,Horry County,South Carolina,356578,774.1800000000001,796.95,14921.939999999942,774.1800000000001,796.95,14921.939999999942,8,24,746,23,56,1791
DEBBY_2024,45053,Jasper County,South Carolina,29444,0.0,0.0,1690.0400000000002,0.0,0.0,1690.0400000000002,0,0,85,0,0,203
DEBBY_2024,45067,Marion County,South Carolina,29212,0.0,0.0,612.2599999999999,0.0,0.0,612.2599999999999,0,0,31,0,0,73
DEBBY_2024,45089,Williamsburg County,South Carolina,30879,0.0,0.0,7071.350000000003,0.0,0.0,7071.350000000003,0,0,354,0,0,849
DEBBY_2024,51093,Isle of Wight County,Virginia,38898,0.0,0.0,5.06,0.0,0.0,5.06,0,0,0,0,0,1
DEBBY_2024,51175,Southampton County,Virginia,18003,0.0,0.0,359.25999999999993,0.0,0.0,359.25999999999993,0,0,18,0,0,43
DEBBY_2024,51550,Chesapeake city,Virginia,249377,0.0,0.0,827.3099999999997,0.0,0.0,827.3099999999997,0,0,41,0,0,99
DEBBY_2024,51620,Franklin city,Virginia,8194,0.0,0.0,12.65,0.0,0.0,12.65,0,0,1,0,0,2
DEBBY_2024,51800,Suffolk city,Virginia,94856,0.0,0.0,136.62000000000003,0.0,0.0,136.62000000000003,0,0,7,0,0,16
DEBBY_2024,51810,Virginia Beach city,Virginia,457900,0.0,0.0,113.85000000000004,0.0,0.0,113.85000000000004,0,0,6,0,0,14
FLORENCE_2018,37013,Beaufort County,North Carolina,44711,1905.0900000000004,1910.15,3478.75,1905.0900000000004,1910.15,3478.75,19,57,174,57,134,417
FLORENCE_2018,37015,Bertie County,North Carolina,17818,5.06,2.53,7.59,5.06,2.53,7.59,0,0,0,0,0,1
FLORENCE_2018,37019,Brunswick County,North Carolina,139721,179.63000000000005,78.43000000000002,1361.14,179.63000000000005,78.43000000000002,1361.14,2,2,68,5,5,163
FLORENCE_2018,37029,Camden County,North Carolina,10547,32.89,0.0,30.36,32.89,0.0,30.36,0,0,2,1,0,4
FLORENCE_2018,37031,Carteret County,North Carolina,68353,3154.91,1302.95,2934.8,3154.91,1302.95,2934.8,32,39,147,95,91,352
FLORENCE_2018,37041,Chowan County,North Carolina,13835,12.65,45.540000000000006,43.010000000000005,12.65,45.540000000000006,43.010000000000005,0,1,2,0,3,5
FLORENCE_2018,37049,Craven County,North Carolina,101098,2140.380000000001,3114.430000000001,1667.2700000000002,2140.380000000001,3114.430000000001,1667.2700000000002,21,93,83,64,218,200
FLORENCE_2018,37053,Currituck County,North Carolina,28616,68.31,2.53,356.72999999999996,68.31,2.53,356.72999999999996,1,0,18,2,0,43
FLORENCE_2018,37055,Dare County,North Carolina,37160,313.71999999999997,174.57000000000005,1510.4100000000003,313.71999999999997,174.57000000000005,1510.4100000000003,3,5,76,9,12,181
FLORENCE_2018,37073,Gates County,North Carolina,10509,7.59,10.12,2.53,7.59,10.12,2.53,0,0,0,0,1,0
FLORENCE_2018,37091,Hertford County,North Carolina,21633,55.66,20.24,17.709999999999997,55.66,20.24,17.709999999999997,1,1,1,2,1,2
FLORENCE_2018,37095,Hyde County,North Carolina,4636,1037.3000000000002,1022.12,1510.41,1037.3000000000002,1022.12,1510.41,10,31,76,31,72,181
FLORENCE_2018,37103,Jones County,North Carolina,9263,12.65,12.65,17.71,12.65,12.65,17.71,0,0,1,0,1,2
FLORENCE_2018,37117,Martin County,North Carolina,21992,45.540000000000006,43.010000000000005,25.299999999999997,45.540000000000006,43.010000000000005,25.299999999999997,0,1,1,1,3,3
FLORENCE_2018,37129,New Hanover County,North Carolina,228134,409.8599999999999,189.75000000000009,538.8899999999999,409.8599999999999,189.75000000000009,538.8899999999999,4,6,27,12,13,65
FLORENCE_2018,37133,Onslow County,North Carolina,203686,705.87,915.8599999999998,1075.2500000000002,705.87,915.8599999999998,1075.2500000000002,7,27,54,21,64,129
FLORENCE_2018,37137,Pamlico County,North Carolina,12317,1323.1900000000005,1297.89,1457.28,1320.66,1297.89,1457.28,13,39,73,40,91,175
FLORENCE_2018,37139,Pasquotank County,North Carolina,40454,113.85000000000002,7.59,58.19000000000001,113.85000000000002,7.59,58.19000000000001,1,0,3,3,1,7
FLORENCE_2018,37141,Pender County,North Carolina,61592,139.15000000000003,141.68000000000004,837.4300000000001,139.15000000000003,141.68000000000004,837.4300000000001,1,4,42,4,10,100
FLORENCE_2018,37143,Perquimans County,North Carolina,13053,43.010000000000005,7.59,86.02000000000001,43.010000000000005,7.59,86.02000000000001,0,0,4,1,1,10
FLORENCE_2018,37147,Pitt County,North Carolina,171196,35.42,43.01000000000001,93.61000000000004,35.42,43.01000000000001,93.61000000000004,0,1,5,1,3,11
FLORENCE_2018,37177,Tyrrell County,North Carolina,3389,642.6199999999998,242.88000000000005,404.7999999999999,642.6199999999998,242.88000000000005,404.7999999999999,6,7,20,19,17,49
FLORENCE_2018,37187,Washington County,North Carolina,11051,45.540000000000006,37.95,5.06,45.540000000000006,37.95,5.06,0,1,0,1,3,1
FLORENCE_2018,45013,Beaufort County,South Carolina,189071,0.0,5.06,2208.6900000000005,0.0,5.06,2208.6900000000005,0,0,110,0,0,265
FLORENCE_2018,45015,Berkeley County,South Carolina,231419,43.010000000000005,32.89,108.79000000000002,43.010000000000005,32.89,108.79000000000002,0,1,5,1,2,13
FLORENCE_2018,45019,Charleston County,South Carolina,409840,134.09000000000003,58.19000000000001,2588.1900000000005,134.09000000000003,58.19000000000001,2588.1900000000005,1,2,129,4,4,311
FLORENCE_2018,45029,Colleton County,South Carolina,38561,103.73000000000005,50.60000000000001,285.89,103.73000000000005,50.60000000000001,285.89,1,2,14,3,4,34
FLORENCE_2018,45035,Dorchester County,South Carolina,162139,0.0,0.0,96.14,0.0,0.0,96.14,0,0,5,0,0,12
FLORENCE_2018,45043,Georgetown County,South Carolina,63594,209.99000000000004,101.20000000000002,627.4399999999999,209.99000000000004,101.20000000000002,627.4399999999999,2,3,31,6,7,75
FLORENCE_2018,45051,Horry County,South Carolina,356578,331.43000000000006,364.3199999999999,465.5199999999998,331.43000000000006,364.3199999999999,465.5199999999998,3,11,23,10,26,56
FLORENCE_2018,45053,Jasper County,South Carolina,29444,0.0,2.53,75.9,0.0,2.53,75.9,0,0,4,0,0,9
FLORENCE_2018,45089,Williamsburg County,South Carolina,30879,0.0,0.0,2.53,0.0,0.0,2.53,0,0,0,0,0,0
FLORENCE_2018,51001,Accomack County,Virginia,33367,103.73000000000002,65.78000000000002,1100.55,103.73000000000002,65.78000000000002,1100.55,1,2,55,3,5,132
FLORENCE_2018,51033,Caroline County,Virginia,31181,0.0,0.0,2.53,0.0,0.0,2.53,0,0,0,0,0,0
FLORENCE_2018,51036,Charles City County,Virginia,6760,7.59,2.53,10.12,7.59,2.53,10.12,0,0,1,0,0,1
FLORENCE_2018,51041,Chesterfield County,Virginia,366019,10.12,5.06,0.0,10.12,5.06,0.0,0,0,0,0,0,0
FLORENCE_2018,51057,Essex County,Virginia,10602,17.709999999999997,2.53,179.63000000000005,17.709999999999997,2.53,179.63000000000005,0,0,9,1,0,22
FLORENCE_2018,51059,Fairfax County,Virginia,1145354,2.53,5.06,15.18,2.53,5.06,15.18,0,0,1,0,0,2
FLORENCE_2018,51073,Gloucester County,Virginia,38875,161.92000000000004,45.540000000000006,407.33,161.92000000000004,45.540000000000006,407.33,2,1,20,5,3,49
FLORENCE_2018,51093,Isle of Wight County,Virginia,38898,5.06,5.06,258.06000000000006,5.06,5.06,258.06000000000006,0,0,13,0,0,31
FLORENCE_2018,51095,James City County,Virginia,78818,22.769999999999996,5.06,37.95,22.769999999999996,5.06,37.95,0,0,2,1,0,5
FLORENCE_2018,51097,King and Queen County,Virginia,6681,2.53,0.0,27.83,2.53,0.0,27.83,0,0,1,0,0,3
FLORENCE_2018,51099,King George County,Virginia,26985,5.06,7.59,70.84000000000002,5.06,7.59,70.84000000000002,0,0,4,0,1,9
FLORENCE_2018,51101,King William County,Virginia,17845,20.24,2.53,22.77,20.24,2.53,22.77,0,0,1,1,0,3
FLORENCE_2018,51103,Lancaster County,Virginia,10866,65.78000000000002,17.709999999999997,270.7100000000001,65.78000000000002,17.709999999999997,270.7100000000001,1,1,14,2,1,32
FLORENCE_2018,51115,Mathews County,Virginia,8537,55.66000000000001,91.08,455.3999999999998,55.66000000000001,91.08,455.3999999999998,1,3,23,2,6,55
FLORENCE_2018,51119,Middlesex County,Virginia,10738,40.48,25.299999999999997,275.77,40.48,25.299999999999997,275.77,0,1,14,1,2,33
FLORENCE_2018,51127,New Kent County,Virginia,23296,0.0,7.59,15.179999999999998,0.0,7.59,15.179999999999998,0,0,1,0,1,2
FLORENCE_2018,51131,Northampton County,Virginia,12132,2.53,0.0,149.27000000000004,2.53,0.0,149.27000000000004,0,0,7,0,0,18
FLORENCE_2018,51133,Northumberland County,Virginia,12007,73.37000000000002,83.49000000000002,516.1199999999999,73.37000000000002,83.49000000000002,516.1199999999999,1,3,26,2,6,62
FLORENCE_2018,51153,Prince William County,Virginia,481114,0.0,0.0,5.06,0.0,0.0,5.06,0,0,0,0,0,1
FLORENCE_2018,51159,Richmond County,Virginia,8968,0.0,7.59,53.13000000000002,0.0,7.59,53.13000000000002,0,0,3,0,1,6
FLORENCE_2018,51175,Southampton County,Virginia,18003,0.0,0.0,7.59,0.0,0.0,7.59,0,0,0,0,0,1
FLORENCE_2018,51179,Stafford County,Virginia,157606,17.709999999999997,7.59,101.20000000000005,17.709999999999997,7.59,101.20000000000005,0,0,5,1,1,12
FLORENCE_2018,51181,Surry County,Virginia,6546,5.06,5.06,22.77,5.06,5.06,22.77,0,0,1,0,0,3
FLORENCE_2018,51193,Westmoreland County,Virginia,18480,70.84000000000002,53.13000000000001,483.23,70.84000000000002,53.13000000000001,483.23,1,2,24,2,4,58
FLORENCE_2018,51199,York County,Virginia,70238,7.59,17.709999999999997,199.8700000000001,7.59,17.709999999999997,199.8700000000001,0,1,10,0,1,24
FLORENCE_2018,51550,Chesapeake city,Virginia,249377,111.32000000000002,25.299999999999997,374.44,111.32000000000002,25.299999999999997,374.44,1,1,19,3,2,45
FLORENCE_2018,51650,Hampton city,Virginia,137217,121.44000000000004,30.360000000000003,397.21,121.44000000000004,30.360000000000003,397.21,1,1,20,4,2,48
FLORENCE_2018,51670,Hopewell city,Virginia,23046,0.0,0.0,2.53,0.0,0.0,2.53,0,0,0,0,0,0
FLORENCE_2018,51700,Newport News city,Virginia,185118,2.53,2.53,58.19000000000001,2.53,2.53,58.19000000000001,0,0,3,0,0,7
FLORENCE_2018,51710,Norfolk city,Virginia,236973,20.24,2.53,245.41000000000005,20.24,2.53,245.41000000000005,0,0,12,1,0,29
FLORENCE_2018,51735,Poquoson city,Virginia,12479,131.56000000000003,32.89,293.48,131.56000000000003,32.89,293.48,1,1,15,4,2,35
FLORENCE_2018,51740,Portsmouth city,Virginia,97384,0.0,7.59,156.86000000000004,0.0,7.59,156.86000000000004,0,0,8,0,1,19
FLORENCE_2018,51800,Suffolk city,Virginia,94856,2.53,0.0,141.68000000000004,2.53,0.0,141.68000000000004,0,0,7,0,0,17
FLORENCE_2018,51810,Virginia Beach city,Virginia,457900,0.0,0.0,275.77000000000004,0.0,0.0,275.77000000000004,0,0,14,0,0,33
HELENE_2024,12005,Bay County,Florida,181055,5.06,2.53,5285.17,5.06,2.53,5285.17,0,0,264,0,0,634
HELENE_2024,12009,Brevard County,Florida,610723,40.48,159.39000000000004,20143.859999999884,40.48,159.39000000000004,20143.859999999884,0,5,1007,1,11,2417
HELENE_2024,12011,Broward County,Florida,1940907,10.12,7.59,19066.0799999999,10.12,7.59,19066.0799999999,0,0,953,0,1,2288
HELENE_2024,12013,Calhoun County,Florida,13753,0.0,0.0,738.7599999999999,0.0,0.0,738.7599999999999,0,0,37,0,0,89
HELENE_2024,12015,Charlotte County,Florida,189900,12111.109999999971,22557.479999999858,34974.71999999973,11956.779999999972,22557.479999999858,34974.71999999973,120,677,1749,359,1579,4197
HELENE_2024,12017,Citrus County,Florida,155173,27035.57999999981,2051.8300000000004,16472.829999999925,25454.32999999983,2051.8300000000004,16472.829999999925,255,62,824,764,144,1977
HELENE_2024,12021,Collier County,Florida,380221,4379.430000000001,3296.5900000000015,30688.899999999772,4379.430000000001,3296.5900000000015,30688.899999999772,44,99,1534,131,231,3683
HELENE_2024,12027,DeSoto County,Florida,34258,12.65,32.89,3440.800000000001,12.65,32.89,3440.800000000001,0,1,172,0,2,413
HELENE_2024,12029,Dixie County,Florida,16737,4857.600000000003,172.04000000000005,2127.7300000000005,3607.780000000001,172.04000000000005,2127.7300000000005,36,5,106,108,12,255
HELENE_2024,12033,Escambia County,Florida,321296,0.0,0.0,2846.25,0.0,0.0,2846.25,0,0,142,0,0,342
HELENE_2024,12037,Franklin County,Florida,12276,323.84000000000003,275.7700000000001,2365.55,275.77000000000004,275.7700000000001,2365.55,3,8,118,8,19,284
HELENE_2024,12041,Gilchrist County,Florida,18070,86.02000000000002,43.010000000000005,698.2799999999999,86.02000000000002,43.010000000000005,698.2799999999999,1,1,35,3,3,84
HELENE_2024,12045,Gulf County,Florida,15002,35.42,25.299999999999997,1950.6300000000008,35.42,25.299999999999997,1950.6300000000008,0,1,98,1,2,234
HELENE_2024,12049,Hardee County,Florida,25528,0.0,0.0,1292.8300000000002,0.0,0.0,1292.8300000000002,0,0,65,0,0,155
HELENE_2024,12051,Hendry County,Florida,39902,0.0,0.0,2843.7200000000007,0.0,0.0,2843.7200000000007,0,0,142,0,0,341
HELENE_2024,12053,Hernando County,Florida,196621,5884.780000000001,427.56999999999994,4736.160000000001,5626.720000000002,427.56999999999994,4736.160000000001,56,13,237,169,30,568
HELENE_2024,12057,Hillsborough County,Florida,1468560,44543.17999999962,31779.32999999976,91143.2500000007,37340.269999999706,31779.32999999976,91143.2500000007,373,953,4557,1120,2225,10937
HELENE_2024,12061,Indian River County,Florida,160986,0.0,2.53,9340.759999999998,0.0,2.53,9340.759999999998,0,0,467,0,0,1121
HELENE_2024,12065,Jefferson County,Florida,14458,7.59,0.0,829.8400000000001,5.06,0.0,829.8400000000001,0,0,41,0,0,100
HELENE_2024,12067,Lafayette County,Florida,8107,0.0,0.0,609.73,0.0,0.0,609.73,0,0,30,0,0,73
HELENE_2024,12071,Lee County,Florida,772902,13161.059999999963,14557.61999999994,50331.81999999957,13153.46999999996,14557.61999999994,50331.81999999957,132,437,2517,395,1019,6040
HELENE_2024,12073,Leon County,Florida,294128,0.0,0.0,4731.100000000001,0.0,0.0,4731.100000000001,0,0,237,0,0,568
HELENE_2024,12075,Levy County,Florida,43268,6241.510000000002,131.56000000000003,1980.9900000000007,5603.95,131.56000000000003,1980.9900000000007,56,4,99,168,9,238
HELENE_2024,12077,Liberty County,Florida,7704,0.0,0.0,490.8199999999999,0.0,0.0,490.8199999999999,0,0,25,0,0,59
HELENE_2024,12079,Madison County,Florida,17986,0.0,0.0,172.04000000000005,0.0,0.0,172.04000000000005,0,0,9,0,0,21
HELENE_2024,12081,Manatee County,Florida,405069,19263.4199999999,9841.699999999995,34610.399999999725,13578.509999999957,9841.699999999995,34610.399999999725,136,295,1731,407,689,4153
HELENE_2024,12083,Marion County,Florida,378225,0.0,0.0,141.68000000000004,0.0,0.0,141.68000000000004,0,0,7,0,0,17
HELENE_2024,12085,Martin County,Florida,159399,55.66000000000001,15.18,6089.710000000002,55.66000000000001,15.18,6089.710000000002,1,0,304,2,1,731
HELENE_2024,12086,Miami-Dade County,Florida,2688237,0.0,0.0,13489.95999999996,0.0,0.0,13489.95999999996,0,0,674,0,0,1619
HELENE_2024,12087,Monroe County,Florida,82044,885.5,457.93,5047.350000000002,885.5,457.93,5047.350000000002,9,14,252,27,32,606
HELENE_2024,12091,Okaloosa County,Florida,212021,0.0,0.0,1882.32,0.0,0.0,1882.32,0,0,94,0,0,226
HELENE_2024,12099,Palm Beach County,Florida,1494805,22.77,32.89,23382.25999999985,22.77,32.89,23382.25999999985,0,1,1169,1,2,2806
HELENE_2024,12101,Pasco County,Florida,569211,42643.14999999966,18031.309999999907,41666.56999999966,34817.859999999724,18031.309999999907,41666.56999999966,348,541,2083,1045,1262,5000
HELENE_2024,12103,Pinellas County,Florida,959918,91302.64000000073,36887.39999999971,87677.15000000043,85101.6100000002,36887.39999999971,87677.15000000043,851,1107,4384,2553,2582,10521
HELENE_2024,12111,St. Lucie County,Florida,334682,60.72,96.14,9221.849999999997,60.72,96.14,9221.849999999997,1,3,461,2,7,1107
HELENE_2024,12113,Santa Rosa County,Florida,188994,0.0,0.0,4908.200000000002,0.0,0.0,4908.200000000002,0,0,245,0,0,589
HELENE_2024,12115,Sarasota County,Florida,439392,5507.810000000003,10269.269999999988,46799.93999999961,5348.420000000002,10269.269999999988,46799.93999999961,53,308,2340,160,719,5616
HELENE_2024,12121,Suwannee County,Florida,43881,0.0,0.0,589.4899999999999,0.0,0.0,589.4899999999999,0,0,29,0,0,71
HELENE_2024,12123,Taylor County,Florida,21421,4510.990000000002,177.10000000000005,2079.6600000000003,3921.500000000001,177.10000000000005,2079.6600000000003,39,5,104,118,12,250
HELENE_2024,12129,Wakulla County,Florida,33732,1356.0800000000004,483.23,3028.4100000000008,771.6499999999996,483.23,3028.4100000000008,8,14,151,23,34,363
HELENE_2024,12131,Walton County,Florida,76618,0.0,0.0,4490.750000000002,0.0,0.0,4490.750000000002,0,0,225,0,0,539
HELENE_2024,12133,Washington County,Florida,25014,0.0,0.0,1406.68,0.0,0.0,1406.68,0,0,70,0,0,169
IAN_2022,12019,Clay County,Florida,219650,10.12,5.06,3630.5500000000006,10.12,5.06,3630.5500000000006,0,0,182,0,0,436
IAN_2022,12031,Duval County,Florida,995708,126.50000000000004,58.19000000000002,13823.919999999956,126.50000000000004,58.19000000000002,13823.919999999956,1,2,691,4,4,1659
IAN_2022,12035,Flagler County,Florida,117515,303.6,220.11000000000004,1710.2800000000004,303.6,220.11000000000004,1710.2800000000004,3,7,86,9,15,205
IAN_2022,12069,Lake County,Florida,386829,237.82000000000008,151.80000000000004,404.7999999999999,237.82000000000008,151.80000000000004,404.7999999999999,2,5,20,7,11,49
IAN_2022,12089,Nassau County,Florida,91538,70.84000000000002,22.77,2261.8200000000006,70.84000000000002,22.77,2261.8200000000006,1,1,113,2,2,271
IAN_2022,12107,Putnam County,Florida,73604,177.10000000000005,58.19000000000001,1975.93,177.10000000000005,58.19000000000001,1975.93,2,2,99,5,4,237
IAN_2022,12109,St. Johns County,Florida,278722,222.64000000000007,217.58000000000004,9421.719999999998,222.64000000000007,217.58000000000004,9421.719999999998,2,7,471,7,15,1131
IAN_2022,12127,Volusia County,Florida,558520,1072.72,1247.29,2752.6400000000017,1072.72,1247.29,2752.6400000000017,11,37,138,32,87,330
IAN_2022,37013,Beaufort County,North Carolina,44711,1464.87,1353.5500000000002,5077.710000000002,1464.87,1353.5500000000002,5077.710000000002,15,41,254,44,95,609
IAN_2022,37015,Bertie County,North Carolina,17818,2.53,2.53,1110.67,2.53,2.53,1110.67,0,0,56,0,0,133
IAN_2022,37017,Bladen County,North Carolina,29807,0.0,0.0,328.90000000000003,0.0,0.0,328.90000000000003,0,0,16,0,0,39
IAN_2022,37019,Brunswick County,North Carolina,139721,468.04999999999984,316.24999999999994,7777.220000000003,460.45999999999987,316.24999999999994,7777.220000000003,5,9,389,14,22,933
IAN_2022,37029,Camden County,North Carolina,10547,50.60000000000001,2.53,880.4399999999998,50.60000000000001,2.53,880.4399999999998,1,0,44,2,0,106
IAN_2022,37031,Carteret County,North Carolina,68353,1242.2300000000002,437.68999999999994,4222.5700000000015,1242.2300000000002,437.68999999999994,4222.5700000000015,12,13,211,37,31,507
IAN_2022,37041,Chowan County,North Carolina,13835,20.24,27.83,1034.7700000000002,20.24,27.83,1034.7700000000002,0,1,52,1,2,124
IAN_2022,37047,Columbus County,North Carolina,50827,0.0,0.0,1621.7300000000005,0.0,0.0,1621.7300000000005,0,0,81,0,0,195
IAN_2022,37049,Craven County,North Carolina,101098,786.8299999999997,394.67999999999984,4194.74,786.8299999999997,394.67999999999984,4194.74,8,12,210,24,28,503
IAN_2022,37053,Currituck County,North Carolina,28616,12.65,0.0,2542.65,12.65,0.0,2542.65,0,0,127,0,0,305
IAN_2022,37055,Dare County,North Carolina,37160,151.80000000000004,121.44000000000004,4240.280000000001,151.80000000000004,121.44000000000004,4240.280000000001,2,4,212,5,9,509
IAN_2022,37073,Gates County,North Carolina,10509,17.709999999999997,5.06,536.3599999999998,17.709999999999997,5.06,536.3599999999998,0,0,27,1,0,64
IAN_2022,37079,Greene County,North Carolina,20407,0.0,0.0,551.54,0.0,0.0,551.54,0,0,28,0,0,66
IAN_2022,37091,Hertford County,North Carolina,21633,37.95,22.769999999999996,551.5399999999998,37.95,22.769999999999996,551.5399999999998,0,1,28,1,2,66
IAN_2022,37095,Hyde County,North Carolina,4636,999.35,339.02,1679.9200000000003,999.35,339.02,1679.9200000000003,10,10,84,30,24,202
IAN_2022,37103,Jones County,North Carolina,9263,0.0,0.0,511.05999999999995,0.0,0.0,511.05999999999995,0,0,26,0,0,61
IAN_2022,37107,Lenoir County,North Carolina,55071,0.0,0.0,1196.6900000000005,0.0,0.0,1196.6900000000005,0,0,60,0,0,144
IAN_2022,37117,Martin County,North Carolina,21992,2.53,0.0,2889.260000000001,2.53,0.0,2889.260000000001,0,0,144,0,0,347
IAN_2022,37129,New Hanover County,North Carolina,228134,647.6800000000001,323.84000000000003,4020.1700000000014,647.6800000000001,323.84000000000003,4020.1700000000014,6,10,201,19,23,482
IAN_2022,37131,Northampton County,North Carolina,17528,0.0,0.0,308.66,0.0,0.0,308.66,0,0,15,0,0,37
IAN_2022,37133,Onslow County,North Carolina,203686,812.13,571.7799999999999,6147.900000000002,812.13,571.7799999999999,6147.900000000002,8,17,307,24,40,738
IAN_2022,37137,Pamlico County,North Carolina,12317,607.2,166.98000000000005,2024.0000000000005,607.2,166.98000000000005,2024.0000000000005,6,5,101,18,12,243
IAN_2022,37139,Pasquotank County,North Carolina,40454,212.52000000000007,37.95,1201.75,212.52000000000007,37.95,1201.75,2,1,60,6,3,144
IAN_2022,37141,Pender County,North Carolina,61592,70.84000000000002,88.55000000000001,4882.900000000002,70.84000000000002,88.55000000000001,4882.900000000002,1,3,244,2,6,586
IAN_2022,37143,Perquimans County,North Carolina,13053,45.540000000000006,2.53,1715.34,45.540000000000006,2.53,1715.34,0,0,86,1,0,206
IAN_2022,37147,Pitt County,North Carolina,171196,17.709999999999997,12.65,4245.340000000001,17.709999999999997,12.65,4245.340000000001,0,0,212,1,1,509
IAN_2022,37177,Tyrrell County,North Carolina,3389,202.4000000000001,48.070000000000014,1196.69,202.4000000000001,48.070000000000014,1196.69,2,1,60,6,3,144
IAN_2022,37187,Washington County,North Carolina,11051,0.0,2.53,1100.5500000000004,0.0,2.53,1100.5500000000004,0,0,55,0,0,132
IAN_2022,45009,Bamberg County,South Carolina,13311,0.0,0.0,2.53,0.0,0.0,2.53,0,0,0,0,0,0
IAN_2022,45013,Beaufort County,South Carolina,189071,2342.7800000000007,1793.7700000000004,11311.62999999998,2342.7800000000007,1793.7700000000004,11311.62999999998,23,54,566,70,126,1357
IAN_2022,45015,Berkeley County,South Carolina,231419,1485.1100000000004,685.63,10724.669999999984,1485.1100000000004,685.63,10724.669999999984,15,21,536,45,48,1287
IAN_2022,45019,Charleston County,South Carolina,409840,20100.84999999989,23865.489999999845,27749.039999999808,20100.84999999989,23865.489999999845,27749.039999999808,201,716,1387,603,1671,3330
IAN_2022,45027,Clarendon County,South Carolina,31163,0.0,0.0,2.53,0.0,0.0,2.53,0,0,0,0,0,0
IAN_2022,45029,Colleton County,South Carolina,38561,427.56999999999994,397.2099999999999,5639.370000000001,427.56999999999994,397.2099999999999,5639.370000000001,4,12,282,13,28,677
IAN_2022,45035,Dorchester County,South Carolina,162139,20.24,12.65,6914.490000000002,20.24,12.65,6914.490000000002,0,0,346,1,1,830
IAN_2022,45043,Georgetown County,South Carolina,63594,2302.3000000000006,1700.16,5988.510000000003,2246.6400000000003,1700.16,5988.510000000003,22,51,299,67,119,719
IAN_2022,45049,Hampton County,South Carolina,18890,0.0,0.0,1282.71,0.0,0.0,1282.71,0,0,64,0,0,154
IAN_2022,45051,Horry County,South Carolina,356578,1712.81,1940.510000000001,16665.109999999917,1621.73,1940.510000000001,16665.109999999917,16,58,833,49,136,2000
IAN_2022,45053,Jasper County,South Carolina,29444,0.0,0.0,1690.0400000000002,0.0,0.0,1690.0400000000002,0,0,85,0,0,203
IAN_2022,45067,Marion County,South Carolina,29212,0.0,0.0,612.2599999999999,0.0,0.0,612.2599999999999,0,0,31,0,0,73
IAN_2022,45089,Williamsburg County,South Carolina,30879,0.0,0.0,7071.350000000003,0.0,0.0,7071.350000000003,0,0,354,0,0,849
IDALIA_2023,12009,Brevard County,Florida,610723,0.0,0.0,30089.289999999775,0.0,0.0,30089.289999999775,0,0,1504,0,0,3611
IDALIA_2023,12011,Broward County,Florida,1940907,0.0,0.0,19078.729999999898,0.0,0.0,19078.729999999898,0,0,954,0,0,2289
IDALIA_2023,12019,Clay County,Florida,219650,0.0,0.0,3630.550000000002,0.0,0.0,3630.550000000002,0,0,182,0,0,436
IDALIA_2023,12031,Duval County,Florida,995708,12.65,2.53,13801.149999999952,12.65,2.53,13801.149999999952,0,0,690,0,0,1656
IDALIA_2023,12035,Flagler County,Florida,117515,10.12,2.53,1609.0800000000004,10.12,2.53,1609.0800000000004,0,0,80,0,0,193
IDALIA_2023,12061,Indian River County,Florida,160986,0.0,0.0,9317.99,0.0,0.0,9317.99,0,0,466,0,0,1118
IDALIA_2023,12069,Lake County,Florida,386829,5.06,0.0,7.59,5.06,0.0,7.59,0,0,0,0,0,1
IDALIA_2023,12085,Martin County,Florida,159399,0.0,0.0,6089.710000000003,0.0,0.0,6089.710000000003,0,0,304,0,0,731
IDALIA_2023,12086,Miami-Dade County,Florida,2688237,0.0,0.0,13403.93999999996,0.0,0.0,13403.93999999996,0,0,670,0,0,1608
IDALIA_2023,12087,Monroe County,Florida,82044,0.0,0.0,4844.95,0.0,0.0,4844.95,0,0,242,0,0,581
IDALIA_2023,12089,Nassau County,Florida,91538,17.709999999999997,5.06,2216.2800000000007,17.709999999999997,5.06,2216.2800000000007,0,0,111,1,0,266
IDALIA_2023,12099,Palm Beach County,Florida,1494805,0.0,0.0,23369.609999999855,0.0,0.0,23369.609999999855,0,0,1168,0,0,2804
IDALIA_2023,12107,Putnam County,Florida,73604,0.0,0.0,1690.0400000000009,0.0,0.0,1690.0400000000009,0,0,85,0,0,203
IDALIA_2023,12109,St. Johns County,Florida,278722,20.24,20.24,9310.399999999996,20.24,20.24,9310.399999999996,0,1,466,1,1,1117
IDALIA_2023,12111,St. Lucie County,Florida,334682,0.0,0.0,9214.260000000002,0.0,0.0,9214.260000000002,0,0,461,0,0,1106
IDALIA_2023,12127,Volusia County,Florida,558520,5.06,27.83,3729.2200000000007,5.06,27.83,3729.2200000000007,0,1,186,0,2,448
IDALIA_2023,13025,Brantley County,Georgia,18105,0.0,0.0,1270.06,0.0,0.0,1270.06,0,0,64,0,0,152
IDALIA_2023,13029,Bryan County,Georgia,44995,0.0,0.0,2471.8100000000013,0.0,0.0,2471.8100000000013,0,0,124,0,0,297
IDALIA_2023,13039,Camden County,Georgia,55105,7.59,2.53,3870.9,7.59,2.53,3870.9,0,0,194,0,0,465
IDALIA_2023,13049,Charlton County,Georgia,12547,0.0,0.0,240.35000000000008,0.0,0.0,240.35000000000008,0,0,12,0,0,29
IDALIA_2023,13051,Chatham County,Georgia,296266,108.79000000000003,30.360000000000003,8655.13,108.79000000000003,30.360000000000003,8655.13,1,1,433,3,2,1039
IDALIA_2023,13103,Effingham County,Georgia,65314,0.0,0.0,3354.7800000000016,0.0,0.0,3354.7800000000016,0,0,168,0,0,403
IDALIA_2023,13127,Glynn County,Georgia,84566,48.07000000000001,17.709999999999997,4369.310000000001,48.07000000000001,17.709999999999997,4369.310000000001,0,1,218,1,1,524
IDALIA_2023,13179,Liberty County,Georgia,65550,10.12,2.53,5032.17,10.12,2.53,5032.17,0,0,252,0,0,604
IDALIA_2023,13183,Long County,Georgia,16804,0.0,0.0,731.1700000000001,0.0,0.0,731.1700000000001,0,0,37,0,0,88
IDALIA_2023,13191,McIntosh County,Georgia,11183,12.65,5.06,1781.12,12.65,5.06,1781.12,0,0,89,0,0,214
IDALIA_2023,13305,Wayne County,Georgia,30277,0.0,0.0,1758.35,0.0,0.0,1758.35,0,0,88,0,0,211
IDALIA_2023,45009,Bamberg County,South Carolina,13311,0.0,0.0,2.53,0.0,0.0,2.53,0,0,0,0,0,0
IDALIA_2023,45013,Beaufort County,South Carolina,189071,1257.41,842.4900000000001,10408.419999999993,1257.41,842.4900000000001,10408.419999999993,13,25,520,38,59,1249
IDALIA_2023,45015,Berkeley County,South Carolina,231419,619.85,235.29000000000005,10522.269999999988,619.85,235.29000000000005,10522.269999999988,6,7,526,19,16,1263
IDALIA_2023,45019,Charleston County,South Carolina,409840,10168.069999999992,7425.550000000004,16404.51999999993,10168.069999999992,7425.550000000004,16404.51999999993,102,223,820,305,520,1969
IDALIA_2023,45027,Clarendon County,South Carolina,31163,0.0,0.0,2.53,0.0,0.0,2.53,0,0,0,0,0,0
IDALIA_2023,45029,Colleton County,South Carolina,38561,427.57,359.2599999999999,5576.12,427.57,359.2599999999999,5576.12,4,11,279,13,25,669
IDALIA_2023,45035,Dorchester County,South Carolina,162139,0.0,0.0,6914.4900000000025,0.0,0.0,6914.4900000000025,0,0,346,0,0,830
IDALIA_2023,45043,Georgetown County,South Carolina,63594,27.830000000000005,12.65,3967.0400000000022,27.830000000000005,12.65,3967.0400000000022,0,0,198,1,1,476
IDALIA_2023,45049,Hampton County,South Carolina,18890,0.0,0.0,1282.7100000000005,0.0,0.0,1282.7100000000005,0,0,64,0,0,154
IDALIA_2023,45051,Horry County,South Carolina,356578,65.78000000000002,55.66000000000001,14431.119999999946,65.78000000000002,55.66000000000001,14431.119999999946,1,2,722,2,4,1732
IDALIA_2023,45053,Jasper County,South Carolina,29444,7.59,0.0,1692.5700000000004,7.59,0.0,1692.5700000000004,0,0,85,0,0,203
IDALIA_2023,45067,Marion County,South Carolina,29212,0.0,0.0,612.26,0.0,0.0,612.26,0,0,31,0,0,73
IDALIA_2023,45089,Williamsburg County,South Carolina,30879,0.0,0.0,7071.350000000002,0.0,0.0,7071.350000000002,0,0,354,0,0,849
IDA_2021,01003,Baldwin County,Alabama,233420,5.06,0.0,11804.979999999976,5.06,0.0,11804.979999999976,0,0,590,0,0,1417
IDA_2021,01025,Clarke County,Alabama,23058,0.0,0.0,70.84000000000002,0.0,0.0,70.84000000000002,0,0,4,0,0,9
IDA_2021,01053,Escambia County,Alabama,36755,0.0,0.0,2.53,0.0,0.0,2.53,0,0,0,0,0,0
IDA_2021,01097,Mobile County,Alabama,413878,73.37,63.250000000000014,15703.709999999934,73.37,63.250000000000014,15703.709999999934,1,2,785,2,4,1884
IDA_2021,01099,Monroe County,Alabama,19816,0.0,0.0,2.53,0.0,0.0,2.53,0,0,0,0,0,0
IDA_2021,01129,Washington County,Alabama,15434,0.0,0.0,986.7,0.0,0.0,986.7,0,0,49,0,0,118
IDA_2021,22001,Acadia Parish,Louisiana,57674,0.0,2.53,1383.9100000000003,0.0,2.53,1383.9100000000003,0,0,69,0,0,166
IDA_2021,22003,Allen Parish,Louisiana,22798,0.0,0.0,832.3700000000001,0.0,0.0,832.3700000000001,0,0,42,0,0,100
IDA_2021,22005,Ascension Parish,Louisiana,126973,1381.38,794.4199999999998,7248.450000000001,1381.38,794.4199999999998,7248.450000000001,14,24,362,41,56,870
IDA_2021,22007,Assumption Parish,Louisiana,21067,683.1,592.0199999999999,2669.1499999999996,683.1,592.0199999999999,2669.1499999999996,7,18,133,20,41,320
IDA_2021,22011,Beauregard Parish,Louisiana,36553,0.0,0.0,1006.94,0.0,0.0,1006.94,0,0,50,0,0,121
IDA_2021,22019,Calcasieu Parish,Louisiana,210770,5.06,10.12,5009.4000000000015,5.06,10.12,5009.4000000000015,0,0,250,0,1,601
IDA_2021,22023,Cameron Parish,Louisiana,5447,32.89,22.77,1265.0000000000002,32.89,22.77,1265.0000000000002,0,1,63,1,2,152
IDA_2021,22033,East Baton Rouge Parish,Louisiana,454369,0.0,0.0,7782.280000000003,0.0,0.0,7782.280000000003,0,0,389,0,0,934
IDA_2021,22039,Evangeline Parish,Louisiana,32335,0.0,0.0,807.07,0.0,0.0,807.07,0,0,40,0,0,97
IDA_2021,22045,Iberia Parish,Louisiana,69958,0.0,0.0,741.2900000000001,0.0,0.0,741.2900000000001,0,0,37,0,0,89
IDA_2021,22047,Iberville Parish,Louisiana,30210,17.709999999999997,7.59,2112.55,17.709999999999997,7.59,2112.55,0,0,106,1,1,254
IDA_2021,22051,Jefferson Parish,Louisiana,436171,287370.04999999126,308.65999999999997,2813.3600000000006,274158.38999999233,308.65999999999997,2813.3600000000006,2742,9,141,8225,22,338
IDA_2021,22053,Jefferson Davis Parish,Louisiana,32277,5.06,0.0,379.49999999999994,5.06,0.0,379.49999999999994,0,0,19,0,0,46
IDA_2021,22055,Lafayette Parish,Louisiana,243175,0.0,0.0,1485.11,0.0,0.0,1485.11,0,0,74,0,0,178
IDA_2021,22057,Lafourche Parish,Louisiana,97220,24422.089999999833,6059.350000000002,19354.49999999989,18542.369999999908,6059.350000000002,19354.49999999989,185,182,968,556,424,2323
IDA_2021,22063,Livingston Parish,Louisiana,143425,1060.07,809.5999999999999,15465.889999999932,1060.07,809.5999999999999,15465.889999999932,11,24,773,32,57,1856
IDA_2021,22071,Orleans Parish,Louisiana,380408,272617.61999999254,116.38000000000004,293.47999999999996,259712.08999999383,116.38000000000004,293.47999999999996,2597,3,15,7791,8,35
IDA_2021,22075,Plaquemines Parish,Louisiana,23305,17469.64999999991,40.48,713.4599999999999,17467.11999999991,40.48,713.4599999999999,175,1,36,524,3,86
IDA_2021,22077,Pointe Coupee Parish,Louisiana,20652,0.0,0.0,1424.3900000000003,0.0,0.0,1424.3900000000003,0,0,71,0,0,171
IDA_2021,22087,St. Bernard Parish,Louisiana,44038,36530.66999999972,126.50000000000004,442.74999999999983,36530.66999999972,126.50000000000004,442.74999999999983,365,4,22,1096,9,53
IDA_2021,22089,St. Charles Parish,Louisiana,52191,35526.25999999973,867.7900000000001,4624.84,35526.25999999973,867.7900000000001,4624.84,355,26,231,1066,61,555
IDA_2021,22093,St. James Parish,Louisiana,20090,581.8999999999999,847.55,2092.3100000000004,581.8999999999999,847.55,2092.3100000000004,6,25,105,17,59,251
IDA_2021,22095,St. John the Baptist Parish,Louisiana,41986,7213.03,4733.630000000001,4027.760000000001,7213.03,4733.630000000001,4027.760000000001,72,142,201,216,331,483
IDA_2021,22097,St. Landry Parish,Louisiana,82574,0.0,0.0,2527.4700000000003,0.0,0.0,2527.4700000000003,0,0,126,0,0,303
IDA_2021,22099,St. Martin Parish,Louisiana,51856,172.04000000000005,141.68000000000004,2932.270000000001,172.04000000000005,141.68000000000004,2932.270000000001,2,4,147,5,10,352
IDA_2021,22101,St. Mary Parish,Louisiana,49114,28624.41999999979,382.0299999999999,1452.2199999999998,28624.41999999979,382.0299999999999,1452.2199999999998,286,11,73,859,27,174
IDA_2021,22103,St. Tammany Parish,Louisiana,266168,991.76,1113.1999999999998,13365.989999999958,991.76,1113.1999999999998,13365.989999999958,10,33,668,30,78,1604
IDA_2021,22105,Tangipahoa Parish,Louisiana,133953,419.9799999999999,470.5799999999999,8817.050000000001,419.9799999999999,470.5799999999999,8817.050000000001,4,14,441,13,33,1058
IDA_2021,22109,Terrebonne Parish,Louisiana,108862,14744.839999999946,15926.349999999926,26446.08999999982,14744.839999999946,15926.349999999926,26446.08999999982,147,478,1322,442,1115,3174
IDA_2021,22113,Vermilion Parish,Louisiana,57202,15.179999999999998,2.53,703.3399999999999,15.179999999999998,2.53,703.3399999999999,0,0,35,0,0,84
IDA_2021,22117,Washington Parish,Louisiana,45514,0.0,0.0,2.53,0.0,0.0,2.53,0,0,0,0,0,0
IDA_2021,22121,West Baton Rouge Parish,Louisiana,27377,0.0,0.0,1090.43,0.0,0.0,1090.43,0,0,55,0,0,131
IDA_2021,28039,George County,Mississippi,24547,0.0,0.0,2117.61,0.0,0.0,2117.61,0,0,106,0,0,254
IDA_2021,28041,Greene County,Mississippi,13672,0.0,0.0,2.53,0.0,0.0,2.53,0,0,0,0,0,0
IDA_2021,28045,Hancock County,Mississippi,46010,192.2800000000001,146.74000000000004,3139.730000000002,192.2800000000001,146.74000000000004,3139.730000000002,2,4,157,6,10,377
IDA_2021,28047,Harrison County,Mississippi,208748,523.7099999999999,247.94000000000008,7870.830000000002,523.7099999999999,247.94000000000008,7870.830000000002,5,7,394,16,17,944
IDA_2021,28059,Jackson County,Mississippi,143721,73.37000000000002,70.84,9791.099999999997,73.37000000000002,70.84,9791.099999999997,1,2,490,2,5,1175
IDA_2021,28109,Pearl River County,Mississippi,56351,0.0,0.0,5775.990000000003,0.0,0.0,5775.990000000003,0,0,289,0,0,693
IDA_2021,48351,Newton County,Texas,12333,0.0,0.0,5.06,0.0,0.0,5.06,0,0,0,0,0,1
MICHAEL_2018,13029,Bryan County,Georgia,44995,0.0,0.0,346.61,0.0,0.0,346.61,0,0,17,0,0,42
MICHAEL_2018,13051,Chatham County,Georgia,296266,25.3,10.12,1634.3800000000003,25.3,10.12,1634.3800000000003,0,0,82,1,1,196
MILTON_2024,12005,Bay County,Florida,181055,0.0,0.0,5285.170000000002,0.0,0.0,5285.170000000002,0,0,264,0,0,634
MILTON_2024,12009,Brevard County,Florida,610723,103.73000000000005,247.94000000000003,30101.93999999977,103.73000000000005,247.94000000000003,30101.93999999977,1,7,1505,3,17,3612
MILTON_2024,12011,Broward County,Florida,1940907,17.709999999999997,15.18,19086.319999999894,17.709999999999997,15.18,19086.319999999894,0,0,954,1,1,2290
MILTON_2024,12013,Calhoun County,Florida,13753,0.0,0.0,738.7599999999998,0.0,0.0,738.7599999999998,0,0,37,0,0,89
MILTON_2024,12015,Charlotte County,Florida,189900,11235.72999999998,20882.619999999883,27331.589999999807,11202.839999999982,20882.619999999883,27331.589999999807,112,626,1367,336,1462,3280
MILTON_2024,12017,Citrus County,Florida,155173,86.02000000000002,93.61000000000004,7982.150000000001,86.02000000000002,93.61000000000004,7982.150000000001,1,3,399,3,7,958
MILTON_2024,12019,Clay County,Florida,219650,0.0,0.0,3630.5500000000015,0.0,0.0,3630.5500000000015,0,0,182,0,0,436
MILTON_2024,12021,Collier County,Florida,380221,521.1799999999998,250.47000000000008,29011.509999999787,521.1799999999998,250.47000000000008,29011.509999999787,5,8,1451,16,18,3481
MILTON_2024,12027,DeSoto County,Florida,34258,30.36,37.95,3448.3900000000003,30.36,37.95,3448.3900000000003,0,1,172,1,3,414
MILTON_2024,12029,Dixie County,Florida,16737,0.0,0.0,1184.0400000000004,0.0,0.0,1184.0400000000004,0,0,59,0,0,142
MILTON_2024,12031,Duval County,Florida,995708,37.95,15.179999999999998,13803.67999999995,37.95,15.179999999999998,13803.67999999995,0,0,690,1,1,1656
MILTON_2024,12033,Escambia County,Florida,321296,0.0,0.0,2851.310000000001,0.0,0.0,2851.310000000001,0,0,143,0,0,342
MILTON_2024,12035,Flagler County,Florida,117515,270.71000000000004,217.58000000000007,1727.9900000000002,270.71000000000004,217.58000000000007,1727.9900000000002,3,7,86,8,15,207
MILTON_2024,12037,Franklin County,Florida,12276,2.53,0.0,1927.8600000000004,2.53,0.0,1927.8600000000004,0,0,96,0,0,231
MILTON_2024,12041,Gilchrist County,Florida,18070,0.0,0.0,579.3699999999999,0.0,0.0,579.3699999999999,0,0,29,0,0,70
MILTON_2024,12045,Gulf County,Florida,15002,0.0,0.0,1945.5700000000008,0.0,0.0,1945.5700000000008,0,0,97,0,0,233
MILTON_2024,12049,Hardee County,Florida,25528,0.0,0.0,1292.83,0.0,0.0,1292.83,0,0,65,0,0,155
MILTON_2024,12051,Hendry County,Florida,39902,0.0,0.0,2841.19,0.0,0.0,2841.19,0,0,142,0,0,341
MILTON_2024,12053,Hernando County,Florida,196621,45.540000000000006,25.3,3762.11,45.540000000000006,25.3,3762.11,0,1,188,1,2,451
MILTON_2024,12057,Hillsborough County,Florida,1468560,30.360000000000007,20.24,48277.4599999996,30.360000000000007,20.24,48277.4599999996,0,1,2414,1,1,5793
MILTON_2024,12061,Indian River County,Florida,160986,27.83,10.12,9340.759999999998,27.83,10.12,9340.759999999998,0,0,467,1,1,1121
MILTON_2024,12065,Jefferson County,Florida,14458,0.0,0.0,827.3099999999997,0.0,0.0,827.3099999999997,0,0,41,0,0,99
MILTON_2024,12067,Lafayette County,Florida,8107,0.0,0.0,609.73,0.0,0.0,609.73,0,0,30,0,0,73
MILTON_2024,12069,Lake County,Florida,386829,303.6,265.65000000000003,721.0500000000001,303.6,265.65000000000003,721.0500000000001,3,8,36,9,19,87
MILTON_2024,12071,Lee County,Florida,772902,2471.810000000001,2264.35,27455.559999999805,2471.810000000001,2264.35,27455.559999999805,25,68,1373,74,159,3295
MILTON_2024,12073,Leon County,Florida,294128,0.0,0.0,4731.100000000001,0.0,0.0,4731.100000000001,0,0,237,0,0,568
MILTON_2024,12075,Levy County,Florida,43268,2.53,0.0,920.92,2.53,0.0,920.92,0,0,46,0,0,111
MILTON_2024,12077,Liberty County,Florida,7704,0.0,0.0,490.82,0.0,0.0,490.82,0,0,25,0,0,59
MILTON_2024,12079,Madison County,Florida,17986,0.0,0.0,172.04000000000002,0.0,0.0,172.04000000000002,0,0,9,0,0,21
MILTON_2024,12081,Manatee County,Florida,405069,1449.6900000000005,1232.11,15865.62999999993,1449.6900000000005,1232.11,15865.62999999993,14,37,793,43,86,1904
MILTON_2024,12083,Marion County,Florida,378225,0.0,0.0,141.68000000000004,0.0,0.0,141.68000000000004,0,0,7,0,0,17
MILTON_2024,12085,Martin County,Florida,159399,53.13000000000001,7.59,6089.710000000001,53.13000000000001,7.59,6089.710000000001,1,0,304,2,1,731
MILTON_2024,12086,Miami-Dade County,Florida,2688237,0.0,0.0,13479.839999999956,0.0,0.0,13479.839999999956,0,0,674,0,0,1618
MILTON_2024,12087,Monroe County,Florida,82044,179.63000000000005,70.84000000000002,4893.020000000001,179.63000000000005,70.84000000000002,4893.020000000001,2,2,245,5,5,587
MILTON_2024,12089,Nassau County,Florida,91538,15.179999999999998,20.24,2208.69,15.179999999999998,20.24,2208.69,0,1,110,0,1,265
MILTON_2024,12091,Okaloosa County,Florida,212021,0.0,0.0,1882.32,0.0,0.0,1882.32,0,0,94,0,0,226
MILTON_2024,12099,Palm Beach County,Florida,1494805,22.769999999999996,45.54000000000001,23379.729999999858,22.769999999999996,45.54000000000001,23379.729999999858,0,1,1169,1,3,2806
MILTON_2024,12101,Pasco County,Florida,569211,166.98000000000005,227.70000000000007,15276.139999999936,166.98000000000005,227.70000000000007,15276.139999999936,2,7,764,5,16,1833
MILTON_2024,12103,Pinellas County,Florida,959918,73.37000000000002,73.37,10370.46999999999,73.37000000000002,73.37,10370.46999999999,1,2,519,2,5,1244
MILTON_2024,12107,Putnam County,Florida,73604,96.14000000000004,32.89,1857.02,96.14000000000004,32.89,1857.02,1,1,93,3,2,223
MILTON_2024,12109,St. Johns County,Florida,278722,215.05000000000007,189.75000000000009,9373.649999999996,215.05000000000007,189.75000000000009,9373.649999999996,2,6,469,6,13,1125
MILTON_2024,12111,St. Lucie County,Florida,334682,27.83,55.66000000000001,9226.91,27.83,55.66000000000001,9226.91,0,2,461,1,4,1107
MILTON_2024,12113,Santa Rosa County,Florida,188994,0.0,0.0,4908.200000000001,0.0,0.0,4908.200000000001,0,0,245,0,0,589
MILTON_2024,12115,Sarasota County,Florida,439392,4865.190000000002,9527.979999999998,37800.72999999969,4776.640000000003,9527.979999999998,37800.72999999969,48,286,1890,143,667,4536
MILTON_2024,12121,Suwannee County,Florida,43881,0.0,0.0,589.49,0.0,0.0,589.49,0,0,29,0,0,71
MILTON_2024,12123,Taylor County,Florida,21421,0.0,0.0,1118.26,0.0,0.0,1118.26,0,0,56,0,0,134
MILTON_2024,12127,Volusia County,Florida,558520,1257.41,1791.2400000000002,4075.8300000000017,1257.41,1791.2400000000002,4075.8300000000017,13,54,204,38,125,489
MILTON_2024,12129,Wakulla County,Florida,33732,0.0,0.0,1659.68,0.0,0.0,1659.68,0,0,83,0,0,199
MILTON_2024,12131,Walton County,Florida,76618,0.0,0.0,4490.75,0.0,0.0,4490.75,0,0,225,0,0,539
MILTON_2024,12133,Washington County,Florida,25014,0.0,0.0,1406.6800000000003,0.0,0.0,1406.6800000000003,0,0,70,0,0,169
